source_frame_index,track_id,team,team_confidence,broadcast_foot_x,broadcast_foot_y,canonical_rink_x,canonical_rink_y,registration_status,registration_confidence,reference_frame_index
0,1,devils,0.7552451863767242,300.5,503.0,238.69455399400124,603.6842343072426,ok,0.9815293531891353,0
0,2,flyers,0.663798880742309,349.5,637.0,294.29510742688103,770.434649461412,ok,0.9815293531891353,0
0,3,flyers,0.5193614701371182,759.5,428.0,371.2923777573759,453.5587856666604,ok,0.9815293531891353,0
0,5,devils,0.6294471823956937,1180.5,599.0,565.8373248835344,646.5993064572826,ok,0.9815293531891353,0
0,6,flyers,0.5741112598958709,566.5,532.0,335.1757154077314,616.3173459168981,ok,0.9815293531891353,0
0,8,devils,0.7742275312180212,461.5,430.0,269.459276914172,488.9066810177239,ok,0.9815293531891353,0
0,11,devils,0.606768345784126,530.5,504.0,314.96211667800077,582.5074885638016,ok,0.9815293531891353,0
1,2,flyers,0.663798880742309,362.5,644.0,298.51267485461204,777.8008577702375,ok,0.9392742530312109,0
1,1,devils,0.7552451863767242,307.5,507.0,240.4259114864875,608.7855471364024,ok,0.9392742530312109,0
1,3,flyers,0.5193614701371182,758.5,428.0,368.4461133099626,453.4154594431953,ok,0.9392742530312109,0
1,5,devils,0.6294471823956937,1193.0,603.0,567.1826339696411,648.3639696506426,ok,0.9392742530312109,0
1,8,devils,0.7742275312180212,469.5,438.0,272.65591274370564,499.4486262278657,ok,0.9392742530312109,0
1,6,flyers,0.5741112598958709,572.0,537.0,336.23559906996974,622.0924021832684,ok,0.9392742530312109,0
1,11,devils,0.606768345784126,535.0,504.0,314.351208134061,581.990836704067,ok,0.9392742530312109,0
2,8,devils,0.7742275312180212,475.5,437.0,272.6251403326331,497.0219535706545,ok,0.9180261322967953,0
2,2,flyers,0.663798880742309,375.0,646.0,301.63281122204154,778.9378535224357,ok,0.9180261322967953,0
2,3,flyers,0.5193614701371182,756.0,428.0,364.78382355491505,452.8497468400177,ok,0.9180261322967953,0
2,1,devils,0.7552451863767242,336.5,499.0,245.97505457511903,595.2636652090403,ok,0.9180261322967953,0
2,5,devils,0.6294471823956937,1206.0,609.0,567.3911119912095,651.4473477534865,ok,0.9180261322967953,0
2,6,flyers,0.5741112598958709,575.5,546.0,337.9346929547398,632.5586251196206,ok,0.9180261322967953,0
2,11,devils,0.606768345784126,537.0,504.0,313.10762000056445,581.0096911824207,ok,0.9180261322967953,0
2,16,flyers,0.6556543477988075,534.0,356.0,267.12902715303113,376.6691571499631,ok,0.9180261322967953,0
3,8,devils,0.7742275312180212,479.0,438.0,272.78090592793063,498.0011235827984,ok,0.9066222285295742,0
3,2,flyers,0.663798880742309,387.5,651.0,305.75562769832754,783.696005573922,ok,0.9066222285295742,0
3,3,flyers,0.5193614701371182,753.0,427.0,361.95917795875073,451.6916148390245,ok,0.9066222285295742,0
3,1,devils,0.7552451863767242,341.5,500.0,246.66557622676717,595.9960433395856,ok,0.9066222285295742,0
3,5,devils,0.6294471823956937,1213.5,613.0,569.2329075934736,655.3064262582178,ok,0.9066222285295742,0
3,6,flyers,0.5741112598958709,578.5,549.0,338.4108749184182,635.9187039811527,ok,0.9066222285295742,0
3,11,devils,0.606768345784126,539.5,505.0,312.8767048292151,581.9074438548998,ok,0.9066222285295742,0
4,8,devils,0.7742275312180212,482.0,438.0,272.79640980330805,497.44782487488993,ok,0.895359986330098,0
4,3,flyers,0.5193614701371182,750.0,428.0,360.06535471598653,453.087377145272,ok,0.895359986330098,0
4,6,flyers,0.5741112598958709,591.5,526.0,335.0808981981613,603.8733044650601,ok,0.895359986330098,0
4,5,devils,0.6294471823956937,1247.5,612.0,579.2188979315233,649.3542494331988,ok,0.895359986330098,0
4,2,flyers,0.663798880742309,399.0,653.0,309.0037541443897,784.6597014129986,ok,0.895359986330098,0
4,18,flyers,0.5419821518248122,1197.5,594.0,557.6807146010298,630.6178038379659,ok,0.895359986330098,0
4,1,devils,0.7552451863767242,322.5,513.0,243.58181835239458,614.7646980952486,ok,0.895359986330098,0
4,19,devils,0.8383566973146447,358.0,448.0,235.0427620162742,524.7500266839265,ok,0.895359986330098,0
5,8,devils,0.7742275312180212,485.0,435.0,272.0855749366321,492.58998633184996,ok,0.8842376459501099,0
5,2,flyers,0.663798880742309,410.5,646.0,309.91282692932356,774.3597230070019,ok,0.8842376459501099,0
5,3,flyers,0.5193614701371182,746.0,427.0,357.4745491606103,451.6102034617285,ok,0.8842376459501099,0
5,6,flyers,0.5741112598958709,592.5,528.0,335.14124280837586,605.7774743845541,ok,0.8842376459501099,0
5,5,devils,0.6294471823956937,1257.0,624.0,584.1446788751585,663.0916671894284,ok,0.8842376459501099,0
5,18,flyers,0.5419821518248122,1204.5,594.0,558.9759047190589,628.7810753255965,ok,0.8842376459501099,0
5,1,devils,0.7552451863767242,326.0,515.0,244.59053264903721,616.5595437595297,ok,0.8842376459501099,0
5,19,devils,0.8383566973146447,360.0,448.0,234.96724053961793,524.1591233288804,ok,0.8842376459501099,0
6,3,flyers,0.5193614701371182,736.5,427.0,353.43303962945504,452.20346720339296,ok,0.8701296745029845,0
6,2,flyers,0.663798880742309,434.5,590.0,300.97121224863395,701.0456524996163,ok,0.8701296745029845,0
6,18,flyers,0.5419821518248122,1216.0,602.0,563.8505250312506,637.2530691775344,ok,0.8701296745029845,0
6,6,flyers,0.5741112598958709,579.0,550.0,336.25635215441247,635.1810550288304,ok,0.8701296745029845,0
6,8,devils,0.7742275312180212,491.0,435.0,273.45996810704713,491.4022614813966,ok,0.8701296745029845,0
6,1,devils,0.7552451863767242,332.0,513.0,245.39003547048293,612.5708282466095,ok,0.8701296745029845,0
6,11,devils,0.606768345784126,538.5,511.0,311.7769060387203,588.2688212080502,ok,0.8701296745029845,0
6,19,devils,0.8383566973146447,368.0,451.0,237.99812124755218,526.7608942339099,ok,0.8701296745029845,0
6,5,devils,0.6294471823956937,1271.0,632.0,589.829012025761,671.1749201440756,ok,0.8701296745029845,0
6,24,flyers,0.6703652085485381,437.5,535.0,285.9390523356675,630.2594632781612,ok,0.8701296745029845,0
7,3,flyers,0.5193614701371182,729.0,427.0,350.6449334808646,452.6390265735337,ok,0.8593207500901145,0
7,2,flyers,0.663798880742309,446.0,597.0,306.4630771228757,708.0350275056662,ok,0.8593207500901145,0
7,18,flyers,0.5419821518248122,1221.5,608.0,566.9310787252044,643.8890333910202,ok,0.8593207500901145,0
7,6,flyers,0.5741112598958709,576.5,554.0,336.3582277099123,639.9756467292933,ok,0.8593207500901145,0
7,8,devils,0.7742275312180212,494.5,434.0,274.14889567852157,489.21258245705104,ok,0.8593207500901145,0
7,1,devils,0.7552451863767242,333.5,513.0,245.74096215857918,611.822856438504,ok,0.8593207500901145,0
7,19,devils,0.8383566973146447,367.0,447.0,236.3118652214548,521.0438047466621,ok,0.8593207500901145,0
7,11,devils,0.606768345784126,533.5,511.0,309.9399716872866,588.2096841955641,ok,0.8593207500901145,0
7,16,flyers,0.6556543477988075,525.0,394.0,272.0239438486317,430.58180785011655,ok,0.8593207500901145,0
8,2,flyers,0.663798880742309,454.0,593.0,307.6660643755388,700.7682725959672,ok,0.8413535231331972,0
8,18,flyers,0.5419821518248122,1226.5,612.0,566.6107062383945,646.1512696308802,ok,0.8413535231331972,0
8,1,devils,0.7552451863767242,336.0,512.0,246.25828162359582,609.210609386321,ok,0.8413535231331972,0
8,8,devils,0.7742275312180212,497.5,435.0,275.2770673820545,489.2841530911053,ok,0.8413535231331972,0
8,6,flyers,0.5741112598958709,574.5,552.0,334.7129118437211,636.1364033057259,ok,0.8413535231331972,0
8,11,devils,0.606768345784126,529.5,518.0,310.3733868165763,596.5835820515381,ok,0.8413535231331972,0
9,2,flyers,0.663798880742309,461.5,595.0,310.6574303140928,701.1341981206052,ok,0.8309020618136609,0
9,18,flyers,0.5419821518248122,1232.0,617.0,569.4401907071816,650.84503689007,ok,0.8309020618136609,0
9,1,devils,0.7552451863767242,339.5,516.0,248.7154049241587,612.7371558303157,ok,0.8309020618136609,0
9,11,devils,0.606768345784126,525.5,523.0,310.55366836047267,602.2803580141531,ok,0.8309020618136609,0
9,6,flyers,0.5741112598958709,571.5,559.0,335.71532691612975,644.1663733439243,ok,0.8309020618136609,0
9,8,devils,0.7742275312180212,500.0,448.0,280.1005357697488,505.48256018220127,ok,0.8309020618136609,0
10,1,devils,0.7552451863767242,336.0,510.0,245.9602479044553,603.6398279742491,ok,0.8205804306317664,0
10,18,flyers,0.5419821518248122,1235.5,627.0,572.8489534879723,661.6078139011884,ok,0.8205804306317664,0
10,2,flyers,0.663798880742309,463.0,593.0,310.644648222464,696.6191468730683,ok,0.8205804306317664,0
10,11,devils,0.606768345784126,521.5,522.0,309.0554073055184,599.675387764931,ok,0.8205804306317664,0
10,16,flyers,0.6556543477988075,459.5,451.0,267.90981739146287,512.4738556532847,ok,0.8205804306317664,0
10,6,flyers,0.5741112598958709,566.0,556.0,333.1473680327322,639.0812783131421,ok,0.8205804306317664,0
10,24,flyers,0.6703652085485381,482.5,550.0,304.57874604055075,639.9884299750648,ok,0.8205804306317664,0
10,8,devils,0.7742275312180212,495.5,447.0,278.4580469589583,503.06799648389256,ok,0.8205804306317664,0
11,8,devils,0.7742275312180212,489.0,372.0,253.52973725010023,399.3813897985911,ok,0.8103870168116418,0
11,18,flyers,0.5419821518248122,1240.5,629.0,574.8408181963179,662.0473699423279,ok,0.8103870168116418,0
11,1,devils,0.7552451863767242,341.5,519.0,250.64605431145694,612.9617154186211,ok,0.8103870168116418,0
11,11,devils,0.606768345784126,520.0,528.0,310.44024026969703,605.9379573170926,ok,0.8103870168116418,0
11,2,flyers,0.663798880742309,474.0,677.0,337.5443177947189,797.3894603801734,ok,0.8103870168116418,0
11,6,flyers,0.5741112598958709,560.0,561.0,332.72524027093607,644.3924551052601,ok,0.8103870168116418,0
12,8,devils,0.7742275312180212,488.0,372.0,253.5031881246437,398.2058056468378,ok,0.8003202276116393,0
12,18,flyers,0.5419821518248122,1243.0,632.0,576.4165949990152,664.2054173116784,ok,0.8003202276116393,0
12,2,flyers,0.663798880742309,483.0,607.0,321.25679648091,708.6361832243183,ok,0.8003202276116393,0
12,1,devils,0.7552451863767242,343.5,511.0,249.17331655160257,600.7987448709904,ok,0.8003202276116393,0
12,3,flyers,0.5193614701371182,696.0,526.0,367.3137247224838,583.1396654814918,ok,0.8003202276116393,0
12,6,flyers,0.5741112598958709,554.5,562.0,331.436484084962,644.603414551516,ok,0.8003202276116393,0
12,11,devils,0.606768345784126,517.5,528.0,309.859973416046,604.6163094615249,ok,0.8003202276116393,0
12,16,flyers,0.6556543477988075,462.0,420.0,259.7766756081512,467.27426440779385,ok,0.8003202276116393,0
13,8,devils,0.7742275312180212,488.0,373.0,254.42833308197592,398.487885827791,ok,0.7903784900754655,0
13,32,devils,0.8059115032355902,693.0,404.0,332.0028463410738,417.31920386563183,ok,0.7903784900754655,0
13,3,flyers,0.5193614701371182,706.5,490.0,361.14030396483247,532.9303676325295,ok,0.7903784900754655,0
13,18,flyers,0.5419821518248122,1246.0,635.0,578.1474444658027,666.1206583866503,ok,0.7903784900754655,0
13,2,flyers,0.663798880742309,489.5,608.0,324.03466581249467,707.6663931543429,ok,0.7903784900754655,0
13,1,devils,0.7552451863767242,341.5,516.0,250.6225169715821,606.0710069907782,ok,0.7903784900754655,0
13,6,flyers,0.5741112598958709,546.0,556.0,327.46448556505334,636.3058675979446,ok,0.7903784900754655,0
13,5,devils,0.6294471823956937,1259.0,654.0,586.8304003730103,689.2789228647056,ok,0.7903784900754655,0
14,1,devils,0.7552451863767242,339.5,523.0,252.90354113103587,613.7042053440124,ok,0.7805602507864032,0
14,32,devils,0.8059115032355902,685.5,415.0,333.4797758672813,432.04306288224416,ok,0.7805602507864032,0
14,3,flyers,0.5193614701371182,708.5,487.0,361.65169738141566,527.1806180297117,ok,0.7805602507864032,0
14,2,flyers,0.663798880742309,496.0,609.0,327.0623879496358,706.5451306167488,ok,0.7805602507864032,0
14,8,devils,0.7742275312180212,499.5,413.0,271.3618116210179,450.8370943443215,ok,0.7805602507864032,0
14,18,flyers,0.5419821518248122,1249.5,637.0,579.8748983433878,666.4700822156176,ok,0.7805602507864032,0
14,11,devils,0.606768345784126,507.0,531.0,308.5856343072104,606.5803406913066,ok,0.7805602507864032,0
14,6,flyers,0.5741112598958709,541.0,559.0,327.421115494143,639.0117039707725,ok,0.7805602507864032,0
14,5,devils,0.6294471823956937,1266.0,658.0,590.13278397096,691.76123853965,ok,0.7805602507864032,0
15,1,devils,0.7552451863767242,335.5,525.0,253.1100006385018,614.8358748472747,ok,0.7708639756245886,0
15,32,devils,0.8059115032355902,680.0,414.0,332.1782214882243,429.7819873213908,ok,0.7708639756245886,0
15,3,flyers,0.5193614701371182,709.5,486.0,362.4834302238014,524.1323417221595,ok,0.7708639756245886,0
15,2,flyers,0.663798880742309,511.5,621.0,336.0376836029542,718.0455453630473,ok,0.7708639756245886,0
15,8,devils,0.7742275312180212,498.5,415.0,272.5177618917763,452.06672622416,ok,0.7708639756245886,0
15,18,flyers,0.5419821518248122,1260.5,636.0,583.9397353250887,662.536275543725,ok,0.7708639756245886,0
15,16,flyers,0.6556543477988075,480.5,464.0,281.34484747728914,519.9636560668423,ok,0.7708639756245886,0
15,5,devils,0.6294471823956937,1269.5,661.0,592.5429871890861,693.7027728934512,ok,0.7708639756245886,0
16,1,devils,0.7552451863767242,331.0,531.0,254.46061329910665,620.7247226600873,ok,0.7612881495273002,0
16,32,devils,0.8059115032355902,673.0,414.0,331.08911970151337,428.8145182894441,ok,0.7612881495273002,0
16,3,flyers,0.5193614701371182,710.5,490.0,365.1287422043713,527.5967135625273,ok,0.7612881495273002,0
16,8,devils,0.7742275312180212,497.0,418.0,274.0673776944884,454.419703435491,ok,0.7612881495273002,0
16,6,flyers,0.5741112598958709,525.5,561.0,324.83223777185526,639.3139379129909,ok,0.7612881495273002,0
16,2,flyers,0.663798880742309,545.0,662.0,358.56966092949824,762.9694366087781,ok,0.7612881495273002,0
16,24,flyers,0.6703652085485381,491.0,566.0,315.23317177238977,649.102600379877,ok,0.7612881495273002,0
16,18,flyers,0.5419821518248122,1263.0,643.0,588.1352019082997,670.1600835058256,ok,0.7612881495273002,0
16,5,devils,0.6294471823956937,1271.5,665.0,595.8637242282549,697.4862532210293,ok,0.7612881495273002,0
17,1,devils,0.7552451863767242,325.0,535.0,254.91324831477812,623.7520541771125,ok,0.7518312762522281,0
17,32,devils,0.8059115032355902,666.0,409.0,328.4917239693143,420.3146866857385,ok,0.7518312762522281,0
17,3,flyers,0.5193614701371182,707.5,488.0,364.717214857508,522.7919025219904,ok,0.7518312762522281,0
17,8,devils,0.7742275312180212,494.0,422.0,275.4964574247772,457.7098637849706,ok,0.7518312762522281,0
17,16,flyers,0.6556543477988075,446.0,449.0,267.97589988537214,499.3018354617209,ok,0.7518312762522281,0
17,24,flyers,0.6703652085485381,490.5,577.0,319.2611820598778,660.3873881285302,ok,0.7518312762522281,0
17,2,flyers,0.663798880742309,542.0,649.0,355.194866648368,744.6808169538932,ok,0.7518312762522281,0
17,18,flyers,0.5419821518248122,1270.0,645.0,591.9235211568788,669.6152888724124,ok,0.7518312762522281,0
17,5,devils,0.6294471823956937,1273.0,666.0,597.5418246262528,696.1752183511642,ok,0.7518312762522281,0
18,1,devils,0.7552451863767242,320.0,535.0,254.35362190852726,600.2703549892897,ok,0.7501026394395383,35
18,32,devils,0.8059115032355902,655.0,403.0,325.7874968494523,395.7694945606253,ok,0.7501026394395383,35
18,3,flyers,0.5193614701371182,706.0,489.0,373.33435519505053,515.3760861880161,ok,0.7501026394395383,35
18,8,devils,0.7742275312180212,490.5,425.0,276.382691854159,436.64897453168305,ok,0.7501026394395383,35
18,24,flyers,0.6703652085485381,496.0,580.0,330.14789305328003,657.1497152815873,ok,0.7501026394395383,35
18,11,devils,0.606768345784126,478.0,539.0,309.9510952284602,598.7431580273604,ok,0.7501026394395383,35
18,16,flyers,0.6556543477988075,438.0,448.0,266.0448421566539,471.8225165516784,ok,0.7501026394395383,35
19,1,devils,0.7552451863767242,313.5,540.0,255.35023452698235,604.9288471404826,ok,0.7595377691402304,35
19,32,devils,0.8059115032355902,647.0,402.0,324.1704634259059,392.686128959293,ok,0.7595377691402304,35
19,3,flyers,0.5193614701371182,712.5,517.0,386.92874849671,553.214671633402,ok,0.7595377691402304,35
19,8,devils,0.7742275312180212,488.0,426.0,277.4031361211076,435.8905697045085,ok,0.7595377691402304,35
19,2,flyers,0.663798880742309,526.0,677.0,375.8723897656703,795.8252260503123,ok,0.7595377691402304,35
19,11,devils,0.606768345784126,479.5,556.0,317.7017051750896,620.4739059659961,ok,0.7595377691402304,35
19,16,flyers,0.6556543477988075,429.0,452.0,265.85166494362124,475.5255989260558,ok,0.7595377691402304,35
20,1,devils,0.7552451863767242,308.0,539.0,254.94070765040559,601.2980804414875,ok,0.7690915781626424,35
20,32,devils,0.8059115032355902,638.0,402.0,322.75261518391073,391.1271361362748,ok,0.7690915781626424,35
20,3,flyers,0.5193614701371182,710.5,488.0,377.74062506786095,509.1281607111482,ok,0.7690915781626424,35
20,2,flyers,0.663798880742309,521.0,667.0,372.21895056547453,778.4551663077419,ok,0.7690915781626424,35
20,16,flyers,0.6556543477988075,424.0,462.0,269.16752612206756,487.51816683868185,ok,0.7690915781626424,35
20,8,devils,0.7742275312180212,483.5,435.0,280.56148378491866,446.513826850916,ok,0.7690915781626424,35
20,11,devils,0.606768345784126,443.5,522.0,295.55953180714357,571.0928895254472,ok,0.7690915781626424,35
21,1,devils,0.7552451863767242,301.5,539.0,254.6074659302688,599.2556443583984,ok,0.7787655593088711,35
21,32,devils,0.8059115032355902,630.0,402.0,321.7965263978215,389.89758777099934,ok,0.7787655593088711,35
21,3,flyers,0.5193614701371182,711.0,490.0,380.4352157502752,510.1568388146199,ok,0.7787655593088711,35
21,2,flyers,0.663798880742309,522.0,670.0,375.3836843735311,780.4171058437007,ok,0.7787655593088711,35
21,16,flyers,0.6556543477988075,415.5,464.0,268.77915280088916,488.76471261221974,ok,0.7787655593088711,35
21,11,devils,0.606768345784126,433.5,523.0,294.26842599764325,570.8329208299483,ok,0.7787655593088711,35
21,8,devils,0.7742275312180212,482.5,440.0,283.68918768339245,451.65846719633066,ok,0.7787655593088711,35
22,32,devils,0.8059115032355902,622.0,402.0,321.14548958512586,389.02389898243257,ok,0.7885612241581528,35
22,3,flyers,0.5193614701371182,711.5,492.0,383.4403394377046,511.58037399908085,ok,0.7885612241581528,35
22,2,flyers,0.663798880742309,526.0,670.0,378.8606044816191,778.4063793100314,ok,0.7885612241581528,35
22,6,flyers,0.5741112598958709,465.0,546.0,314.8796195331528,600.4937610915865,ok,0.7885612241581528,35
22,1,devils,0.7552451863767242,293.0,521.0,248.04487775259943,572.6503644053467,ok,0.7885612241581528,35
22,16,flyers,0.6556543477988075,405.0,465.0,267.64763481412405,489.1615571416348,ok,0.7885612241581528,35
22,8,devils,0.7742275312180212,481.0,437.0,284.2947287311497,446.0927295602936,ok,0.7885612241581528,35
22,11,devils,0.606768345784126,426.0,529.0,295.7577219234189,578.0226193275527,ok,0.7885612241581528,35
23,1,devils,0.7552451863767242,291.0,537.0,254.64725697280508,593.6325999893902,ok,0.7984801033030495,35
23,2,flyers,0.663798880742309,540.0,686.0,391.5974941317785,800.166246720171,ok,0.7984801033030495,35
23,8,devils,0.7742275312180212,474.5,412.0,276.0354248083695,410.41825377792134,ok,0.7984801033030495,35
23,32,devils,0.8059115032355902,618.5,386.0,316.6948689262352,365.5874943925799,ok,0.7984801033030495,35
23,11,devils,0.606768345784126,459.0,516.0,304.9041622587182,556.7036955442888,ok,0.7984801033030495,35
23,3,flyers,0.5193614701371182,713.0,507.0,391.33180283181173,531.7880605854205,ok,0.7984801033030495,35
23,16,flyers,0.6556543477988075,404.5,427.0,257.32146089124245,435.14473443873675,ok,0.7984801033030495,35
24,32,devils,0.8059115032355902,608.5,394.0,318.0482035299139,376.0320372545112,ok,0.8085237465886076,35
24,3,flyers,0.5193614701371182,714.5,501.0,391.9697993142512,521.7566415757165,ok,0.8085237465886076,35
24,2,flyers,0.663798880742309,535.0,666.0,384.86809188069003,769.116179571672,ok,0.8085237465886076,35
24,8,devils,0.7742275312180212,477.0,445.0,289.7584688771222,454.70929118771625,ok,0.8085237465886076,35
24,6,flyers,0.5741112598958709,444.5,549.0,312.96525814936376,602.6749232814894,ok,0.8085237465886076,35
24,1,devils,0.7552451863767242,280.0,511.0,244.72066827728725,556.2466309575112,ok,0.8085237465886076,35
24,16,flyers,0.6556543477988075,394.0,430.0,256.8638358281134,438.4659736749526,ok,0.8085237465886076,35
24,35,devils,0.753745772050009,282.5,574.0,265.81069936878777,644.3491559975935,ok,0.8085237465886076,35
25,32,devils,0.8059115032355902,600.5,393.0,316.9450384055589,373.44995144700937,ok,0.8186937233545246,35
25,3,flyers,0.5193614701371182,713.5,507.0,395.7491339132822,528.9002435149525,ok,0.8186937233545246,35
25,2,flyers,0.663798880742309,545.5,643.0,382.59933498949937,733.3374789385762,ok,0.8186937233545246,35
25,8,devils,0.7742275312180212,478.0,445.0,292.0706320466674,452.974124592059,ok,0.8186937233545246,35
25,1,devils,0.7552451863767242,273.5,503.0,241.9836630787342,543.6631185638262,ok,0.8186937233545246,35
25,11,devils,0.606768345784126,453.5,583.0,329.44469930686057,649.213230541479,ok,0.8186937233545246,35
25,24,flyers,0.6703652085485381,549.5,549.0,351.64806564596915,596.7122170129225,ok,0.8186937233545246,35
26,8,devils,0.7742275312180212,471.5,400.0,277.24886964516685,388.99175960647426,ok,0.828991622680361,35
26,32,devils,0.8059115032355902,600.5,384.0,316.03851701715445,358.9517475777665,ok,0.828991622680361,35
26,3,flyers,0.5193614701371182,712.0,494.0,392.8141617363236,508.23934223210324,ok,0.828991622680361,35
26,2,flyers,0.663798880742309,548.5,666.0,393.78697099183444,764.9981990671952,ok,0.828991622680361,35
26,16,flyers,0.6556543477988075,368.5,450.0,258.746079412172,463.7013745405208,ok,0.828991622680361,35
26,1,devils,0.7552451863767242,266.0,496.0,239.29762260891806,532.2255212359693,ok,0.828991622680361,35
27,8,devils,0.7742275312180212,469.5,400.0,278.5489607169125,386.64801649954796,ok,0.8394190536338376,35
27,32,devils,0.8059115032355902,595.0,383.0,315.82100260407003,355.4273775519255,ok,0.8394190536338376,35
27,3,flyers,0.5193614701371182,710.0,493.0,393.83332772036584,504.4298527042862,ok,0.8394190536338376,35
27,2,flyers,0.663798880742309,555.0,648.0,391.9104865414389,735.8711688238833,ok,0.8394190536338376,35
27,16,flyers,0.6556543477988075,359.0,451.0,257.84943010398746,463.12072216709515,ok,0.8394190536338376,35
27,1,devils,0.7552451863767242,242.5,473.0,226.23880707778022,499.20287296053243,ok,0.8394190536338376,35
27,35,devils,0.753745772050009,280.0,529.0,256.42285204778057,574.9503394359754,ok,0.8394190536338376,35
27,24,flyers,0.6703652085485381,557.5,553.0,359.96150175993796,597.6353079817593,ok,0.8394190536338376,35
28,1,devils,0.7552451863767242,233.5,463.0,222.0462335600415,483.3098947133131,ok,0.8499776455222562,35
28,2,flyers,0.663798880742309,561.5,693.0,412.09063192279416,799.7731947746554,ok,0.8499776455222562,35
28,8,devils,0.7742275312180212,467.5,399.0,279.4750014070122,382.91310498501866,ok,0.8499776455222562,35
28,32,devils,0.8059115032355902,589.0,382.0,315.3856985740098,351.9919948499231,ok,0.8499776455222562,35
28,16,flyers,0.6556543477988075,349.0,452.0,256.7306062403746,462.45441591982757,ok,0.8499776455222562,35
28,3,flyers,0.5193614701371182,707.5,494.0,395.32615577279245,503.62215240454054,ok,0.8499776455222562,35
28,35,devils,0.753745772050009,276.5,531.0,257.7781230740926,575.2103961720625,ok,0.8499776455222562,35
29,1,devils,0.7552451863767242,225.0,463.0,221.25065143552857,481.27549209930436,ok,0.8606690481470803,35
29,8,devils,0.7742275312180212,464.5,398.0,280.17333817570676,379.34611465278215,ok,0.8606690481470803,35
29,32,devils,0.8059115032355902,584.0,383.0,316.07569217958246,351.34881225803787,ok,0.8606690481470803,35
29,16,flyers,0.6556543477988075,342.0,452.0,256.40560548853506,460.40985149846773,ok,0.8606690481470803,35
29,35,devils,0.753745772050009,265.5,509.0,249.0953232934433,542.6803273712087,ok,0.8606690481470803,35
29,3,flyers,0.5193614701371182,708.5,499.0,399.6547557394264,508.5396410718612,ok,0.8606690481470803,35
29,2,flyers,0.663798880742309,570.5,658.0,405.24898350972495,745.5527904111955,ok,0.8606690481470803,35
29,24,flyers,0.6703652085485381,567.0,554.0,367.80927497335574,593.9620155883512,ok,0.8606690481470803,35
30,1,devils,0.7552451863767242,215.0,462.0,219.61361288848283,478.0247306200638,ok,0.8714949320617222,35
30,2,flyers,0.663798880742309,571.0,693.0,419.9008914095927,795.2150493359176,ok,0.8714949320617222,35
30,8,devils,0.7742275312180212,460.5,398.0,280.8060800103408,377.2552861206141,ok,0.8714949320617222,35
30,32,devils,0.8059115032355902,579.5,382.0,316.2207852338483,347.9128246383964,ok,0.8714949320617222,35
30,16,flyers,0.6556543477988075,338.0,443.0,254.15929961334967,445.89732697458413,ok,0.8714949320617222,35
30,35,devils,0.753745772050009,260.5,511.0,250.01553998881354,543.2842935356712,ok,0.8714949320617222,35
30,3,flyers,0.5193614701371182,707.5,501.0,402.12526779578104,509.2193305432867,ok,0.8714949320617222,35
30,11,devils,0.606768345784126,554.5,394.0,311.5707393963173,366.09892792104824,ok,0.8714949320617222,35
31,1,devils,0.7552451863767242,207.0,462.0,218.93123186120377,476.14191710090046,ok,0.8824569888325692,35
31,2,flyers,0.663798880742309,576.5,693.0,423.95689200858953,793.0983427632341,ok,0.8824569888325692,35
31,8,devils,0.7742275312180212,456.5,396.0,280.76372254456186,372.61871205774014,ok,0.8824569888325692,35
31,32,devils,0.8059115032355902,576.5,379.0,316.1955964859292,341.856719677404,ok,0.8824569888325692,35
31,16,flyers,0.6556543477988075,331.0,443.0,253.76239933788167,444.0763316202262,ok,0.8824569888325692,35
31,35,devils,0.753745772050009,256.5,512.0,250.93069532539397,542.570788882549,ok,0.8824569888325692,35
31,3,flyers,0.5193614701371182,709.0,501.0,404.7814445067686,507.22658130052554,ok,0.8824569888325692,35
32,1,devils,0.7552451863767242,199.5,465.0,219.3772732918029,478.62591360891287,ok,0.8935569313032937,35
32,8,devils,0.7742275312180212,451.5,394.0,280.3732453865261,368.22618351942134,ok,0.8935569313032937,35
32,32,devils,0.8059115032355902,573.5,371.0,314.48564153969846,328.9897619629979,ok,0.8935569313032937,35
32,16,flyers,0.6556543477988075,324.5,444.0,253.85853064974796,443.8422431239908,ok,0.8935569313032937,35
32,35,devils,0.753745772050009,252.0,512.0,251.3745847227624,540.7499879664691,ok,0.8935569313032937,35
32,3,flyers,0.5193614701371182,710.0,503.0,407.8675346066536,508.10714727360164,ok,0.8935569313032937,35
32,2,flyers,0.663798880742309,583.0,657.0,415.5160576639835,737.476325599372,ok,0.8935569313032937,35
33,1,devils,0.7552451863767242,191.0,465.0,218.52692869709978,476.8402849786374,ok,0.9047964938624901,35
33,2,flyers,0.663798880742309,589.5,708.0,438.119752175352,811.3204180401997,ok,0.9047964938624901,35
33,8,devils,0.7742275312180212,446.5,393.0,280.29317548334797,365.05680267512446,ok,0.9047964938624901,35
33,32,devils,0.8059115032355902,571.0,366.0,313.94585589200733,320.1484888500447,ok,0.9047964938624901,35
33,16,flyers,0.6556543477988075,317.5,428.0,248.37930258040143,420.1927463923185,ok,0.9047964938624901,35
33,35,devils,0.753745772050009,248.0,512.0,251.97127817514945,538.7528112275262,ok,0.9047964938624901,35
33,3,flyers,0.5193614701371182,713.0,505.0,411.78359374437036,509.00008963266123,ok,0.9047964938624901,35
33,37,flyers,0.8900498876267646,356.0,707.0,352.9353861022506,812.5217164644761,ok,0.9047964938624901,35
34,1,devils,0.7552451863767242,183.5,467.0,218.5087829147265,477.67450100930273,ok,0.9161774327146753,35
34,8,devils,0.7742275312180212,441.5,393.0,280.4042118531513,363.18824981185605,ok,0.9161774327146753,35
34,32,devils,0.8059115032355902,567.5,362.0,313.25388881541363,312.6640553735074,ok,0.9161774327146753,35
34,3,flyers,0.5193614701371182,715.5,507.0,415.37245312158365,509.8499973343491,ok,0.9161774327146753,35
34,2,flyers,0.663798880742309,595.5,713.0,444.06397440726016,816.8443512060803,ok,0.9161774327146753,35
34,37,flyers,0.8900498876267646,336.5,605.0,313.8068151034585,663.9077966901688,ok,0.9161774327146753,35
35,1,devils,0.7552451863767242,175.5,469.0,218.3980965324025,478.9750898632236,ok,0.9591096383355976,35
35,8,devils,0.7742275312180212,436.5,394.0,280.76476451510746,363.2479522973387,ok,0.9591096383355976,35
35,32,devils,0.8059115032355902,561.5,371.0,315.8810901112863,323.9056239805758,ok,0.9591096383355976,35
35,3,flyers,0.5193614701371182,718.0,509.0,418.57631226730126,511.58839166789556,ok,0.9591096383355976,35
35,2,flyers,0.663798880742309,601.5,667.0,431.10675327022005,746.5409778522702,ok,0.9591096383355976,35
35,38,flyers,0.6613669923892885,378.5,551.0,312.1201118588977,584.5458786944745,ok,0.9591096383355976,35
35,11,devils,0.606768345784126,590.5,362.0,322.9348806791304,309.54410261416666,ok,0.9591096383355976,35
35,24,flyers,0.6703652085485381,613.0,579.0,404.53823208587585,617.1918704833914,ok,0.9591096383355976,35
35,16,flyers,0.6556543477988075,282.5,389.0,228.20016336352668,365.2264893769249,ok,0.9591096383355976,35
35,35,devils,0.753745772050009,291.0,441.0,247.29629584940983,435.4795676237657,ok,0.9591096383355976,35
36,1,devils,0.7552451863767242,168.5,470.0,218.22415623912465,478.34779463040314,ok,0.9201262336456059,35
36,32,devils,0.8059115032355902,557.0,371.0,316.19824676544334,321.83807511891655,ok,0.9201262336456059,35
36,3,flyers,0.5193614701371182,719.0,510.0,421.33613601465004,510.8838416434825,ok,0.9201262336456059,35
36,38,flyers,0.6613669923892885,368.0,599.0,326.17419315605343,650.620157377931,ok,0.9201262336456059,35
36,8,devils,0.7742275312180212,431.5,434.0,293.85083425135656,416.49717905642046,ok,0.9201262336456059,35
36,2,flyers,0.663798880742309,610.5,692.0,445.32295974726276,781.5801779126772,ok,0.9201262336456059,35
36,24,flyers,0.6703652085485381,624.5,583.0,412.1273534390065,620.6314252306674,ok,0.9201262336456059,35
36,16,flyers,0.6556543477988075,277.5,387.0,227.72063160553873,360.47972122779544,ok,0.9201262336456059,35
37,1,devils,0.7552451863767242,160.0,472.0,217.9620780248048,479.3211863203107,ok,0.8604476054284774,35
37,32,devils,0.8059115032355902,552.5,370.0,315.37349734556085,321.3780139005222,ok,0.8604476054284774,35
37,3,flyers,0.5193614701371182,720.5,511.0,421.6000015888136,512.0909300424668,ok,0.8604476054284774,35
37,38,flyers,0.6613669923892885,365.0,602.0,327.56617474610374,652.9679455715439,ok,0.8604476054284774,35
37,8,devils,0.7742275312180212,426.5,440.0,295.5470178765301,424.2972350905883,ok,0.8604476054284774,35
37,2,flyers,0.663798880742309,608.0,696.0,445.3955684358981,784.2223280688198,ok,0.8604476054284774,35
37,24,flyers,0.6703652085485381,631.5,582.0,414.1908011390426,617.390655809067,ok,0.8604476054284774,35
37,16,flyers,0.6556543477988075,275.0,387.0,228.7135892656874,359.12070810208826,ok,0.8604476054284774,35
38,1,devils,0.7552451863767242,153.0,473.0,217.72620571996876,478.44336161225914,ok,0.849758953609283,35
38,32,devils,0.8059115032355902,548.5,369.0,315.53360767818305,317.76294445854046,ok,0.849758953609283,35
38,3,flyers,0.5193614701371182,719.0,512.0,423.461264817414,511.4583353197243,ok,0.849758953609283,35
38,38,flyers,0.6613669923892885,362.5,612.0,331.815114041671,664.9758867233325,ok,0.849758953609283,35
38,8,devils,0.7742275312180212,421.0,444.0,296.78747848491736,427.6680450369091,ok,0.849758953609283,35
38,2,flyers,0.663798880742309,608.0,688.0,444.636624305072,770.6424986975557,ok,0.849758953609283,35
38,24,flyers,0.6703652085485381,640.0,588.0,421.3377185583822,623.8224774210543,ok,0.849758953609283,35
38,16,flyers,0.6556543477988075,272.5,386.0,229.32346491054815,355.3872067180581,ok,0.849758953609283,35
39,1,devils,0.7552451863767242,145.0,477.0,218.2495507114723,481.86349362733665,ok,0.839203078355438,35
39,32,devils,0.8059115032355902,543.5,368.0,315.5454942404592,314.35202661024925,ok,0.839203078355438,35
39,3,flyers,0.5193614701371182,718.5,512.0,425.57003202031296,509.52623023594396,ok,0.839203078355438,35
39,38,flyers,0.6613669923892885,360.5,620.0,335.80250680877907,674.3807831891659,ok,0.839203078355438,35
39,8,devils,0.7742275312180212,417.0,428.0,292.25500952026533,403.5050769407057,ok,0.839203078355438,35
39,2,flyers,0.663798880742309,642.5,683.0,457.8390443096376,761.2123836206006,ok,0.839203078355438,35
40,1,devils,0.7552451863767242,138.0,478.0,218.15882085638486,481.36961630697834,ok,0.8287783302899578,35
40,8,devils,0.7742275312180212,409.5,396.0,281.36155651595004,357.7724621763855,ok,0.8287783302899578,35
40,32,devils,0.8059115032355902,541.0,365.0,315.6932967386591,308.2500844843684,ok,0.8287783302899578,35
40,35,devils,0.753745772050009,407.0,500.0,314.2242560710395,501.9951371518711,ok,0.8287783302899578,35
40,3,flyers,0.5193614701371182,716.5,512.0,427.0709747666801,507.9655688589009,ok,0.8287783302899578,35
40,38,flyers,0.6613669923892885,357.5,613.0,334.44184835995867,662.686299377534,ok,0.8287783302899578,35
40,37,flyers,0.8900498876267646,207.0,535.0,258.4881253238602,557.1557284021334,ok,0.8287783302899578,35
40,2,flyers,0.663798880742309,638.0,664.0,451.68199362126023,731.803631264551,ok,0.8287783302899578,35
40,24,flyers,0.6703652085485381,654.0,600.0,435.0556301714616,637.6004162049063,ok,0.8287783302899578,35
41,1,devils,0.7552451863767242,128.5,479.0,217.3579538236868,481.22499022243187,ok,0.818483080524748,35
41,8,devils,0.7742275312180212,403.0,394.0,280.5732204721373,353.49362021761823,ok,0.818483080524748,35
41,35,devils,0.753745772050009,405.0,500.0,315.639079422738,500.4923407054879,ok,0.818483080524748,35
41,3,flyers,0.5193614701371182,719.5,504.0,427.8015627682696,495.02078093347615,ok,0.818483080524748,35
41,38,flyers,0.6613669923892885,353.5,635.0,342.49275314489114,692.786293804315,ok,0.818483080524748,35
41,32,devils,0.8059115032355902,538.5,364.0,316.61927325651493,305.1186248946412,ok,0.818483080524748,35
41,24,flyers,0.6703652085485381,660.5,677.0,467.0934234712445,750.0285906957225,ok,0.818483080524748,35
41,2,flyers,0.663798880742309,646.5,685.0,464.7400326366481,762.0463820278981,ok,0.818483080524748,35
42,1,devils,0.7552451863767242,121.0,481.0,217.5636550838038,482.4836833355905,ok,0.8083157204060872,35
42,32,devils,0.8059115032355902,537.0,394.0,328.1643758855078,345.0695715089215,ok,0.8083157204060872,35
42,8,devils,0.7742275312180212,392.5,412.0,284.94298595760023,376.99867061152,ok,0.8083157204060872,35
42,35,devils,0.753745772050009,404.0,498.0,316.803356866735,496.13182456197336,ok,0.8083157204060872,35
42,3,flyers,0.5193614701371182,718.0,502.0,429.0282257833949,490.71884616109463,ok,0.8083157204060872,35
42,38,flyers,0.6613669923892885,353.5,627.0,342.04230950886665,679.979267332231,ok,0.8083157204060872,35
42,24,flyers,0.6703652085485381,662.0,687.0,473.78536515120015,763.9040008764534,ok,0.8083157204060872,35
43,1,devils,0.7552451863767242,113.0,482.0,217.3475709486907,482.51167625806727,ok,0.7982746612632707,35
43,32,devils,0.8059115032355902,533.0,391.0,328.01885964980283,339.49973586815673,ok,0.7982746612632707,35
43,8,devils,0.7742275312180212,390.0,392.0,279.7831318277464,347.93975353739626,ok,0.7982746612632707,35
43,35,devils,0.753745772050009,403.5,497.0,318.5014448574857,493.40855238462024,ok,0.7982746612632707,35
43,3,flyers,0.5193614701371182,716.5,504.0,431.714504150944,492.62541097820645,ok,0.7982746612632707,35
43,38,flyers,0.6613669923892885,349.5,643.0,348.2363087121593,701.894250727352,ok,0.7982746612632707,35
43,24,flyers,0.6703652085485381,672.5,699.0,484.67276845138593,781.4078520009289,ok,0.7982746612632707,35
43,16,flyers,0.6556543477988075,231.5,532.0,271.8277481131459,547.5918557864978,ok,0.7982746612632707,35
44,1,devils,0.7552451863767242,104.5,483.0,217.0900516369137,482.6150953627437,ok,0.7883583341603793,35
44,8,devils,0.7742275312180212,380.0,413.0,285.4644389577211,375.88469266112656,ok,0.7883583341603793,35
44,35,devils,0.753745772050009,403.5,496.0,320.51963294056327,490.69871772732836,ok,0.7883583341603793,35
44,38,flyers,0.6613669923892885,339.5,630.0,342.828323169724,682.3304986919455,ok,0.7883583341603793,35
44,32,devils,0.8059115032355902,526.0,390.0,327.6499166355916,336.9890211955577,ok,0.7883583341603793,35
44,3,flyers,0.5193614701371182,713.0,499.0,431.4015221032878,484.42608628564665,ok,0.7883583341603793,35
44,16,flyers,0.6556543477988075,231.5,539.0,276.317609591116,555.9499887229665,ok,0.7883583341603793,35
44,24,flyers,0.6703652085485381,682.0,699.0,491.19105953499064,781.0081988528955,ok,0.7883583341603793,35
45,1,devils,0.7552451863767242,96.0,483.0,216.5311217698178,481.32350561607467,ok,0.7785651896511278,35
45,8,devils,0.7742275312180212,374.0,410.0,284.77013658961386,370.44061625098516,ok,0.7785651896511278,35
45,35,devils,0.753745772050009,408.0,493.0,323.4342229566616,484.94371246493404,ok,0.7785651896511278,35
45,38,flyers,0.6613669923892885,335.5,648.0,349.8311430954724,707.1170449753128,ok,0.7785651896511278,35
45,32,devils,0.8059115032355902,521.0,387.0,327.3287188374618,331.45960248392964,ok,0.7785651896511278,35
45,3,flyers,0.5193614701371182,712.5,492.0,431.4789207116815,473.04651578462153,ok,0.7785651896511278,35
45,24,flyers,0.6703652085485381,665.0,673.0,478.22558918418235,741.4948351872908,ok,0.7785651896511278,35
45,2,flyers,0.663798880742309,658.5,690.0,481.9014912662289,767.0440075297394,ok,0.7785651896511278,35
46,1,devils,0.7552451863767242,87.5,482.0,213.7803671658762,478.06005884117144,ok,0.7688936975367624,35
46,8,devils,0.7742275312180212,367.5,408.0,282.70528225475095,366.31522141607576,ok,0.7688936975367624,35
46,35,devils,0.753745772050009,412.0,493.0,324.78039091401007,483.10550014862355,ok,0.7688936975367624,35
46,38,flyers,0.6613669923892885,336.0,652.0,349.77488058921693,710.5162328143853,ok,0.7688936975367624,35
46,32,devils,0.8059115032355902,523.0,354.0,318.38064374871806,283.78925731317366,ok,0.7688936975367624,35
46,3,flyers,0.5193614701371182,713.0,493.0,432.14331992500126,473.2591289249131,ok,0.7688936975367624,35
46,24,flyers,0.6703652085485381,672.5,672.0,478.97091372382636,738.5471002751963,ok,0.7688936975367624,35
46,2,flyers,0.663798880742309,661.0,691.0,481.2672293339244,767.0565484749262,ok,0.7688936975367624,35
47,1,devils,0.7552451863767242,78.5,483.0,213.25610499899233,477.69482130012256,ok,0.7593423466269635,35
47,8,devils,0.7742275312180212,365.0,378.0,274.6729190547798,323.1270963692536,ok,0.7593423466269635,35
47,35,devils,0.753745772050009,416.0,494.0,328.76969256913515,482.58810038814426,ok,0.7593423466269635,35
47,24,flyers,0.6703652085485381,679.5,675.0,485.49376334285927,741.951151277045,ok,0.7593423466269635,35
47,3,flyers,0.5193614701371182,713.5,492.0,434.6519521862849,470.14513149883,ok,0.7593423466269635,35
47,32,devils,0.8059115032355902,516.5,384.0,328.09520774709296,323.98795441083854,ok,0.7593423466269635,35
47,38,flyers,0.6613669923892885,337.0,653.0,352.76486733953453,710.3971444500652,ok,0.7593423466269635,35
47,2,flyers,0.663798880742309,662.0,692.0,484.7981765502437,767.5146087077729,ok,0.7593423466269635,35
47,16,flyers,0.6556543477988075,266.5,439.0,260.9056239491761,411.22495345005234,ok,0.7593423466269635,35
48,1,devils,0.7552451863767242,70.5,484.0,212.98567109816364,477.3039406206502,ok,0.7499096445037191,35
48,8,devils,0.7742275312180212,359.5,374.0,273.66276410313674,315.7970349880004,ok,0.7499096445037191,35
48,35,devils,0.753745772050009,418.5,497.0,332.81564968303707,484.94549614853486,ok,0.7499096445037191,35
48,24,flyers,0.6703652085485381,685.5,672.0,489.4775414002791,736.4305823698845,ok,0.7499096445037191,35
48,38,flyers,0.6613669923892885,342.5,641.0,353.04408199469515,691.6473978468105,ok,0.7499096445037191,35
48,3,flyers,0.5193614701371182,717.5,490.0,438.0271406197426,465.4064074822754,ok,0.7499096445037191,35
48,32,devils,0.8059115032355902,515.5,350.0,319.00036300560095,274.4389780231843,ok,0.7499096445037191,35
48,2,flyers,0.663798880742309,651.5,705.0,488.0978873224036,786.1431224246355,ok,0.7499096445037191,35
48,16,flyers,0.6556543477988075,272.0,440.0,265.09007325454326,410.40196992561437,ok,0.7499096445037191,35
49,8,devils,0.7742275312180212,354.0,373.0,273.6820441172597,312.98165480413496,ok,0.7405941172881315,35
49,1,devils,0.7552451863767242,65.5,474.0,210.45274843696262,462.2934667641315,ok,0.7405941172881315,35
49,35,devils,0.753745772050009,416.0,497.0,334.2416449950301,483.55658968270274,ok,0.7405941172881315,35
49,24,flyers,0.6703652085485381,691.0,670.0,493.6782805871154,732.6093529700714,ok,0.7405941172881315,35
49,38,flyers,0.6613669923892885,347.5,645.0,358.4261215556896,696.1739821816906,ok,0.7405941172881315,35
49,3,flyers,0.5193614701371182,721.5,485.0,440.45700523779004,456.5643699373816,ok,0.7405941172881315,35
49,32,devils,0.8059115032355902,512.0,349.0,319.75944594689213,271.4662018060432,ok,0.7405941172881315,35
49,2,flyers,0.663798880742309,660.0,707.0,494.848798532714,788.5079140053805,ok,0.7405941172881315,35
49,16,flyers,0.6556543477988075,277.0,441.0,269.20709094189885,409.9821672736141,ok,0.7405941172881315,35
50,1,devils,0.7552451863767242,54.0,485.0,212.0417353584049,475.79696328849354,ok,0.7313943094101205,35
50,8,devils,0.7742275312180212,349.0,378.0,275.694179260555,318.31472060672695,ok,0.7313943094101205,35
50,35,devils,0.753745772050009,414.0,499.0,336.46726143843335,484.943439199995,ok,0.7313943094101205,35
50,3,flyers,0.5193614701371182,728.5,487.0,446.4784887361714,457.90231819985473,ok,0.7313943094101205,35
50,24,flyers,0.6703652085485381,691.5,667.0,495.664522875374,727.3359113533731,ok,0.7313943094101205,35
50,38,flyers,0.6613669923892885,352.0,647.0,362.98844723928335,697.855013087365,ok,0.7313943094101205,35
50,32,devils,0.8059115032355902,509.5,347.0,320.5142001352511,266.98809371625026,ok,0.7313943094101205,35
50,2,flyers,0.663798880742309,669.0,706.0,500.8375724009819,786.4464234922503,ok,0.7313943094101205,35
51,1,devils,0.7552451863767242,46.0,485.0,211.572514787267,474.5839386143578,ok,0.7223087833809881,35
51,8,devils,0.7742275312180212,344.5,380.0,277.0096842431823,319.70878981020144,ok,0.7223087833809881,35
51,47,flyers,0.6987547123279284,268.0,427.0,266.13009581622515,387.8494250634809,ok,0.7223087833809881,35
51,35,devils,0.753745772050009,411.5,497.0,337.287632179831,480.90027897313337,ok,0.7223087833809881,35
51,3,flyers,0.5193614701371182,733.0,485.0,450.2266904579369,453.6046342871186,ok,0.7223087833809881,35
51,48,devils,0.6566067383206778,217.5,537.0,283.5926107596637,541.9737861699698,ok,0.7223087833809881,35
51,38,flyers,0.6613669923892885,354.5,650.0,367.2674091777711,701.3053672301878,ok,0.7223087833809881,35
51,24,flyers,0.6703652085485381,714.5,695.0,517.656762608976,769.7096803679854,ok,0.7223087833809881,35
51,32,devils,0.8059115032355902,507.0,345.0,321.3173883989765,262.6635296908628,ok,0.7223087833809881,35
51,16,flyers,0.6556543477988075,276.5,443.0,273.94776232668545,409.6194041080881,ok,0.7223087833809881,35
51,2,flyers,0.663798880742309,672.0,668.0,491.3477872801867,728.3139208593418,ok,0.7223087833809881,35
52,1,devils,0.7552451863767242,40.5,487.0,212.55032044664597,476.02904919867007,ok,0.7133361195688077,35
52,8,devils,0.7742275312180212,338.0,378.0,276.43262684259827,315.8386782083796,ok,0.7133361195688077,35
52,35,devils,0.753745772050009,409.5,490.0,336.66886897617246,469.82612600045144,ok,0.7133361195688077,35
52,3,flyers,0.5193614701371182,732.0,485.0,452.6032608060458,452.6161629247408,ok,0.7133361195688077,35
52,38,flyers,0.6613669923892885,359.5,652.0,372.1119075844177,703.267642714181,ok,0.7133361195688077,35
52,24,flyers,0.6703652085485381,723.0,688.0,521.4261134148093,758.6970914595431,ok,0.7133361195688077,35
52,32,devils,0.8059115032355902,505.5,344.0,322.8193736785345,259.8783004074837,ok,0.7133361195688077,35
52,16,flyers,0.6556543477988075,231.0,435.0,258.54522923130077,398.90677785685773,ok,0.7133361195688077,35
52,2,flyers,0.663798880742309,681.5,660.0,495.02689433809167,715.7027596834841,ok,0.7133361195688077,35
53,8,devils,0.7742275312180212,331.5,376.0,306.61235699487173,299.43350046074585,ok,0.6850630576836886,70
53,1,devils,0.7552451863767242,33.5,478.0,244.81655145995356,459.35964358620635,ok,0.6850630576836886,70
53,47,flyers,0.6987547123279284,271.5,427.0,305.3504024260539,375.144050312831,ok,0.6850630576836886,70
53,35,devils,0.753745772050009,409.0,486.0,369.8203739080883,449.9781077678949,ok,0.6850630576836886,70
53,3,flyers,0.5193614701371182,731.0,485.0,466.290840457906,432.3009698681287,ok,0.6850630576836886,70
53,48,devils,0.6566067383206778,224.5,540.0,330.14176737313124,532.9648260622571,ok,0.6850630576836886,70
53,38,flyers,0.6613669923892885,359.5,654.0,408.4855814704997,669.7484330062867,ok,0.6850630576836886,70
53,24,flyers,0.6703652085485381,727.5,670.0,516.9038907597298,662.6277538534665,ok,0.6850630576836886,70
53,32,devils,0.8059115032355902,504.5,340.0,350.45905238427815,241.1493772029918,ok,0.6850630576836886,70
53,2,flyers,0.663798880742309,696.0,657.0,504.8453661082335,649.3737275033509,ok,0.6850630576836886,70
54,8,devils,0.7742275312180212,326.0,376.0,306.99765418043114,298.2360574967209,ok,0.6936800901570417,70
54,1,devils,0.7552451863767242,28.5,478.0,245.30051160055208,457.99864768745834,ok,0.6936800901570417,70
54,47,flyers,0.6987547123279284,270.5,428.0,307.5654828765852,375.18918062646475,ok,0.6936800901570417,70
54,35,devils,0.753745772050009,410.0,478.0,369.62503478513906,437.8464434165945,ok,0.6936800901570417,70
54,3,flyers,0.5193614701371182,731.0,496.0,471.7150117522703,445.7032601767056,ok,0.6936800901570417,70
54,48,devils,0.6566067383206778,226.5,541.0,333.23385455022276,532.7635831286218,ok,0.6936800901570417,70
54,38,flyers,0.6613669923892885,362.0,659.0,412.80186628924326,674.5101907887383,ok,0.6936800901570417,70
54,24,flyers,0.6703652085485381,735.5,667.0,520.4041370890853,657.7417161856256,ok,0.6936800901570417,70
54,32,devils,0.8059115032355902,504.5,339.0,352.3489114013892,238.39052015473965,ok,0.6936800901570417,70
54,50,flyers,0.99,1240.0,591.0,633.6094811097789,536.8548539843658,ok,0.6936800901570417,70
54,2,flyers,0.663798880742309,704.0,657.0,509.1582487916545,648.0003676739339,ok,0.6936800901570417,70
55,47,flyers,0.6987547123279284,294.5,443.0,323.03957346221995,393.9044519334246,ok,0.702405511555785,70
55,1,devils,0.7552451863767242,23.0,480.0,246.4866995916283,459.5608764208915,ok,0.702405511555785,70
55,35,devils,0.753745772050009,412.5,474.0,371.304947830864,431.09124949857784,ok,0.702405511555785,70
55,3,flyers,0.5193614701371182,731.5,484.0,470.63603122275265,429.08274256050305,ok,0.702405511555785,70
55,48,devils,0.6566067383206778,232.0,543.0,337.8653217152304,533.7596924422977,ok,0.702405511555785,70
55,38,flyers,0.6613669923892885,368.5,660.0,417.15420797168315,674.1310673974796,ok,0.702405511555785,70
55,32,devils,0.8059115032355902,505.0,338.0,354.4550199048123,235.63680100181463,ok,0.702405511555785,70
55,24,flyers,0.6703652085485381,728.0,660.0,518.7165250054884,649.2044596109902,ok,0.702405511555785,70
55,51,devils,0.7381977662650006,1122.0,329.0,539.1356302403468,206.58463843574452,ok,0.702405511555785,70
56,47,flyers,0.6987547123279284,292.5,442.0,324.4250006824808,391.34928701034517,ok,0.7112406852447639,70
56,1,devils,0.7552451863767242,18.5,480.0,247.35772410755945,458.38569283745335,ok,0.7112406852447639,70
56,35,devils,0.753745772050009,416.0,473.0,374.43011598567404,428.41376311066284,ok,0.7112406852447639,70
56,3,flyers,0.5193614701371182,732.5,488.0,474.4672200627262,433.34071493502665,ok,0.7112406852447639,70
56,48,devils,0.6566067383206778,236.5,544.0,341.950267074122,533.5810521792474,ok,0.7112406852447639,70
56,38,flyers,0.6613669923892885,373.5,662.0,421.4583252771025,675.1320234219155,ok,0.7112406852447639,70
56,32,devils,0.8059115032355902,505.0,337.0,356.5643007834139,232.97339241328234,ok,0.7112406852447639,70
56,24,flyers,0.6703652085485381,737.5,640.0,518.2506958981543,623.8250523934238,ok,0.7112406852447639,70
56,50,flyers,0.99,1220.5,592.0,633.7674233145043,538.1622300429929,ok,0.7112406852447639,70
56,2,flyers,0.663798880742309,702.0,652.0,511.7243431825924,640.5346871391853,ok,0.7112406852447639,70
57,47,flyers,0.6987547123279284,290.0,442.0,324.44089582318327,392.77217858440446,ok,0.7201869917378428,70
57,1,devils,0.7552451863767242,14.5,480.0,247.37275710152542,459.27285440043096,ok,0.7201869917378428,70
57,35,devils,0.753745772050009,419.0,471.0,374.87678738187776,427.15572913015694,ok,0.7201869917378428,70
57,3,flyers,0.5193614701371182,735.0,485.0,473.7922384218494,431.5296605515379,ok,0.7201869917378428,70
57,48,devils,0.6566067383206778,237.0,545.0,342.1973059130737,535.7220464426102,ok,0.7201869917378428,70
57,38,flyers,0.6613669923892885,378.0,670.0,422.59663151096964,684.187291840663,ok,0.7201869917378428,70
57,24,flyers,0.6703652085485381,739.5,643.0,516.3986535961028,628.6889505937621,ok,0.7201869917378428,70
57,32,devils,0.8059115032355902,505.5,337.0,358.3984902875204,233.40692304853303,ok,0.7201869917378428,70
57,50,flyers,0.99,1208.5,593.0,628.1783154002824,543.1098224063746,ok,0.7201869917378428,70
57,51,devils,0.7381977662650006,1102.0,329.0,538.1331168688386,206.75073912712574,ok,0.7201869917378428,70
58,47,flyers,0.6987547123279284,286.5,440.0,323.077805788384,391.0986243454643,ok,0.7292458289136124,70
58,35,devils,0.753745772050009,417.0,470.0,373.8775878142374,427.3179565813512,ok,0.7292458289136124,70
58,3,flyers,0.5193614701371182,735.5,480.0,472.33989746247534,427.11775253434956,ok,0.7292458289136124,70
58,48,devils,0.6566067383206778,234.5,547.0,341.29530375945023,539.5647410544841,ok,0.7292458289136124,70
58,38,flyers,0.6613669923892885,383.5,660.0,418.8716874986254,673.0780844612011,ok,0.7292458289136124,70
58,24,flyers,0.6703652085485381,743.0,641.0,514.4644555326291,628.8222888356622,ok,0.7292458289136124,70
58,32,devils,0.8059115032355902,505.0,336.0,359.46424947017186,232.23149391887674,ok,0.7292458289136124,70
58,1,devils,0.7552451863767242,9.5,476.0,244.82143951258436,454.29197690691376,ok,0.7292458289136124,70
58,51,devils,0.7381977662650006,1091.5,328.0,537.2731287786237,206.1433550747285,ok,0.7292458289136124,70
58,50,flyers,0.99,1197.5,592.0,623.9667677043604,546.4425988204132,ok,0.7292458289136124,70
58,2,flyers,0.663798880742309,759.5,658.0,522.8857223019877,647.9517684211798,ok,0.7292458289136124,70
59,47,flyers,0.6987547123279284,282.5,437.0,323.6242363311681,386.28967851046764,ok,0.7384186122338121,70
59,35,devils,0.753745772050009,416.0,468.0,375.7584751201125,423.9719673427731,ok,0.7384186122338121,70
59,3,flyers,0.5193614701371182,735.0,478.0,474.4715394831671,423.98966439027754,ok,0.7384186122338121,70
59,48,devils,0.6566067383206778,231.0,549.0,343.5813737613439,541.6307579477741,ok,0.7384186122338121,70
59,38,flyers,0.6613669923892885,388.0,650.0,420.0504220080743,659.9932287059515,ok,0.7384186122338121,70
59,24,flyers,0.6703652085485381,751.5,640.0,519.1507114994597,626.6282197169874,ok,0.7384186122338121,70
59,32,devils,0.8059115032355902,503.5,336.0,361.9079418510383,231.55878852258243,ok,0.7384186122338121,70
59,51,devils,0.7381977662650006,1080.5,330.0,537.5934717935202,208.75771025097026,ok,0.7384186122338121,70
59,2,flyers,0.663798880742309,768.0,658.0,527.7618676171097,646.9320781946515,ok,0.7384186122338121,70
60,47,flyers,0.6987547123279284,277.5,435.0,324.2778358893862,382.99185886837967,ok,0.7477067749644976,70
60,35,devils,0.753745772050009,415.5,466.0,377.8649933257913,420.6790356868183,ok,0.7477067749644976,70
60,3,flyers,0.5193614701371182,732.5,475.0,475.7896683158116,419.7178163489894,ok,0.7477067749644976,70
60,48,devils,0.6566067383206778,228.0,550.0,345.78307931469004,542.4064674939474,ok,0.7477067749644976,70
60,38,flyers,0.6613669923892885,392.0,649.0,423.5788576597037,657.885727542358,ok,0.7477067749644976,70
60,24,flyers,0.6703652085485381,754.0,639.0,522.2011276167312,624.9047493129611,ok,0.7477067749644976,70
60,32,devils,0.8059115032355902,503.0,336.0,364.7629427286156,230.9390888898426,ok,0.7477067749644976,70
60,50,flyers,0.99,1177.0,589.0,623.4794740830112,543.4612776949745,ok,0.7477067749644976,70
60,8,devils,0.7742275312180212,295.5,377.0,310.49475978349403,298.11870232700306,ok,0.7477067749644976,70
60,2,flyers,0.663798880742309,774.0,657.0,531.7229885712343,645.0201853706163,ok,0.7477067749644976,70
61,47,flyers,0.6987547123279284,274.0,433.0,323.401529211513,380.8037096125762,ok,0.7571117683999926,70
61,35,devils,0.753745772050009,415.0,464.0,377.6324712910071,418.9545070644475,ok,0.7571117683999926,70
61,48,devils,0.6566067383206778,226.0,546.0,343.37115472467093,538.5800536502451,ok,0.7571117683999926,70
61,3,flyers,0.5193614701371182,730.0,482.0,477.4615811614999,430.79474648290505,ok,0.7571117683999926,70
61,38,flyers,0.6613669923892885,394.0,646.0,421.73927666110376,656.7132011645973,ok,0.7571117683999926,70
61,24,flyers,0.6703652085485381,763.5,638.0,523.5010404976962,626.5144320089239,ok,0.7571117683999926,70
61,50,flyers,0.99,1166.0,589.0,620.8576099831955,547.5270324377651,ok,0.7571117683999926,70
61,2,flyers,0.663798880742309,777.0,657.0,531.3171631769716,648.4002559483563,ok,0.7571117683999926,70
62,47,flyers,0.6987547123279284,267.5,430.0,320.83398349937534,374.70252888849285,ok,0.7666350620896558,70
62,35,devils,0.753745772050009,416.0,462.0,378.1018968561635,414.6424942567384,ok,0.7666350620896558,70
62,48,devils,0.6566067383206778,224.5,541.0,340.4306034894341,532.0888102770367,ok,0.7666350620896558,70
62,38,flyers,0.6613669923892885,395.0,652.0,423.23561083495656,668.1894084519045,ok,0.7666350620896558,70
62,3,flyers,0.5193614701371182,728.5,462.0,474.1565314335595,402.75752744983043,ok,0.7666350620896558,70
62,24,flyers,0.6703652085485381,766.0,638.0,526.6588094611444,630.1100632127443,ok,0.7666350620896558,70
62,50,flyers,0.99,1152.5,591.0,622.6392336759613,552.7370503073415,ok,0.7666350620896558,70
62,2,flyers,0.663798880742309,779.0,656.0,534.2786457232571,651.5732289732567,ok,0.7666350620896558,70
63,47,flyers,0.6987547123279284,265.0,438.0,326.07047591515754,385.9839242185749,ok,0.7762781440675018,70
63,35,devils,0.753745772050009,416.5,460.0,381.2347383545144,411.54668745328974,ok,0.7762781440675018,70
63,48,devils,0.6566067383206778,224.5,535.0,342.1626055145246,523.4974398089327,ok,0.7762781440675018,70
63,38,flyers,0.6613669923892885,395.5,643.0,424.3616283747259,656.2701375688742,ok,0.7762781440675018,70
63,24,flyers,0.6703652085485381,772.5,638.0,531.6688487419248,629.4645453354188,ok,0.7762781440675018,70
63,3,flyers,0.5193614701371182,724.0,458.0,475.31330518918236,397.32324161085467,ok,0.7762781440675018,70
63,2,flyers,0.663798880742309,781.0,656.0,537.9892108839366,651.1304430767044,ok,0.7762781440675018,70
64,47,flyers,0.6987547123279284,254.0,436.0,325.7648421991984,383.24276666619005,ok,0.7860425210847085,70
64,35,devils,0.753745772050009,418.5,460.0,385.68468334516655,411.26241251864417,ok,0.7860425210847085,70
64,48,devils,0.6566067383206778,224.5,533.0,345.3666298220075,520.384642638927,ok,0.7860425210847085,70
64,24,flyers,0.6703652085485381,779.0,642.0,537.7115605367486,633.7309253872339,ok,0.7860425210847085,70
64,38,flyers,0.6613669923892885,396.5,641.0,427.6674121686196,653.1395349668754,ok,0.7860425210847085,70
64,3,flyers,0.5193614701371182,720.5,456.0,477.506541176947,394.61972745212046,ok,0.7860425210847085,70
64,2,flyers,0.663798880742309,782.0,656.0,541.5810559042478,650.71738017895,ok,0.7860425210847085,70
65,47,flyers,0.6987547123279284,249.0,415.0,318.7200566680118,353.88499077970965,ok,0.8022327295068328,70
65,35,devils,0.753745772050009,421.0,457.0,386.40658323105697,408.3503568583771,ok,0.8022327295068328,70
65,48,devils,0.6566067383206778,225.5,532.0,344.38055639228264,521.6588539794246,ok,0.8022327295068328,70
65,24,flyers,0.6703652085485381,781.5,640.0,537.403263461666,635.4555502410864,ok,0.8022327295068328,70
65,38,flyers,0.6613669923892885,392.0,664.0,429.9464551355329,687.574563616547,ok,0.8022327295068328,70
65,3,flyers,0.5193614701371182,712.0,458.0,476.8947252641739,398.9691752969451,ok,0.8022327295068328,70
65,2,flyers,0.663798880742309,783.0,655.0,540.9246058612497,654.0796247317174,ok,0.8022327295068328,70
65,8,devils,0.7742275312180212,245.5,426.0,320.77272623349467,370.1494737335158,ok,0.8022327295068328,70
66,47,flyers,0.6987547123279284,243.5,415.0,321.2511324505633,354.65956226770277,ok,0.8123235750192452,70
66,35,devils,0.753745772050009,423.0,455.0,390.8017487283722,406.06340285338746,ok,0.8123235750192452,70
66,48,devils,0.6566067383206778,226.0,530.0,348.22633834594575,519.3396002554334,ok,0.8123235750192452,70
66,24,flyers,0.6703652085485381,776.5,637.0,539.095773685244,632.1805603885359,ok,0.8123235750192452,70
66,3,flyers,0.5193614701371182,717.5,452.0,481.3669638473931,391.15082856381616,ok,0.8123235750192452,70
66,38,flyers,0.6613669923892885,400.5,630.0,428.2219042703398,643.687472109549,ok,0.8123235750192452,70
66,55,flyers,0.7013469195589312,801.0,606.0,539.6248473189951,591.8879284626103,ok,0.8123235750192452,70
66,2,flyers,0.663798880742309,783.0,654.0,544.3933603399358,652.9810720796231,ok,0.8123235750192452,70
67,47,flyers,0.6987547123279284,234.5,412.0,322.8758414102384,350.8867585138855,ok,0.8225413477429399,70
67,35,devils,0.753745772050009,421.5,453.0,394.9392347198546,403.82135747575205,ok,0.8225413477429399,70
67,48,devils,0.6566067383206778,225.5,529.0,353.3948475624232,517.4959609853828,ok,0.8225413477429399,70
67,24,flyers,0.6703652085485381,773.5,638.0,542.5738635383881,633.3596377350423,ok,0.8225413477429399,70
67,3,flyers,0.5193614701371182,708.5,446.0,481.93245176077266,384.2412924007851,ok,0.8225413477429399,70
67,38,flyers,0.6613669923892885,399.0,643.0,435.9150812629628,659.07087974171,ok,0.8225413477429399,70
67,55,flyers,0.7013469195589312,801.0,598.0,542.1621203659165,582.00560910197,ok,0.8225413477429399,70
67,50,flyers,0.99,1079.5,584.0,616.5789661023672,551.853628892961,ok,0.8225413477429399,70
67,32,devils,0.8059115032355902,474.5,327.0,377.68476873914517,217.2716320541926,ok,0.8225413477429399,70
68,47,flyers,0.6987547123279284,229.0,410.0,325.49013501674375,348.75694752081716,ok,0.8328876442256924,70
68,35,devils,0.753745772050009,418.0,451.0,398.18253410586277,401.8600503145864,ok,0.8328876442256924,70
68,48,devils,0.6566067383206778,223.5,532.0,358.47959006781497,522.1829608849525,ok,0.8328876442256924,70
68,24,flyers,0.6703652085485381,769.0,636.0,545.0045806871161,631.4539845742471,ok,0.8328876442256924,70
68,3,flyers,0.5193614701371182,702.5,446.0,484.84721744556134,385.3333111473214,ok,0.8328876442256924,70
68,38,flyers,0.6613669923892885,397.5,645.0,440.43105091457164,661.74944709529,ok,0.8328876442256924,70
68,55,flyers,0.7013469195589312,801.5,590.0,544.8819640387237,572.43931759603,ok,0.8328876442256924,70
68,2,flyers,0.663798880742309,780.5,652.0,551.3724755873833,650.520232810525,ok,0.8328876442256924,70
69,47,flyers,0.6987547123279284,222.5,412.0,326.23941486223373,350.31082599356847,ok,0.8433640810973784,70
69,35,devils,0.753745772050009,413.0,450.0,398.92853740632677,399.166221824537,ok,0.8433640810973784,70
69,48,devils,0.6566067383206778,216.0,536.0,357.79838121275924,528.0849906618732,ok,0.8433640810973784,70
69,24,flyers,0.6703652085485381,775.0,633.0,549.9519614694781,629.7976181656702,ok,0.8433640810973784,70
69,3,flyers,0.5193614701371182,698.5,443.0,486.78162207643084,379.6765937235909,ok,0.8433640810973784,70
69,38,flyers,0.6613669923892885,395.5,643.0,440.44059012051355,662.61015404827,ok,0.8433640810973784,70
69,32,devils,0.8059115032355902,466.5,326.0,384.1482940016498,215.40831217772745,ok,0.8433640810973784,70
69,55,flyers,0.7013469195589312,800.0,585.0,547.4536441312163,566.9985338216095,ok,0.8433640810973784,70
70,35,devils,0.753745772050009,406.5,448.0,399.0557049307956,393.72504339620855,ok,0.9204761195308075,70
70,48,devils,0.6566067383206778,207.0,537.0,355.57763233696767,528.6280352964468,ok,0.9204761195308075,70
70,24,flyers,0.6703652085485381,773.0,633.0,553.8657598625489,633.0843087204746,ok,0.9204761195308075,70
70,47,flyers,0.6987547123279284,196.0,415.0,320.4703309976882,352.0675627245198,ok,0.9204761195308075,70
70,38,flyers,0.6613669923892885,391.0,641.0,439.672789157191,663.4786748728244,ok,0.9204761195308075,70
70,3,flyers,0.5193614701371182,693.0,439.0,488.33756557506257,371.8973462393497,ok,0.9204761195308075,70
70,55,flyers,0.7013469195589312,797.0,580.0,550.1329179981788,561.707169963184,ok,0.9204761195308075,70
71,35,devils,0.753745772050009,398.5,447.0,397.7514012230815,392.75245835885704,ok,0.840129853939881,70
71,48,devils,0.6566067383206778,197.0,538.0,350.7829303660353,534.002907902434,ok,0.840129853939881,70
71,24,flyers,0.6703652085485381,770.5,630.0,553.9552993238755,637.8346995191062,ok,0.840129853939881,70
71,47,flyers,0.6987547123279284,185.0,417.0,318.7434743989971,354.71169231563465,ok,0.840129853939881,70
71,3,flyers,0.5193614701371182,684.0,435.0,487.6552324011817,366.5924478151112,ok,0.840129853939881,70
71,38,flyers,0.6613669923892885,385.0,643.0,436.0195381922839,676.0930454337698,ok,0.840129853939881,70
71,55,flyers,0.7013469195589312,791.5,575.0,549.4872417630673,560.7037245700739,ok,0.840129853939881,70
71,2,flyers,0.663798880742309,759.0,649.0,554.2043877977183,664.5781456091709,ok,0.840129853939881,70
72,35,devils,0.753745772050009,389.5,446.0,398.80071751419086,388.15324464474116,ok,0.8296935932831936,70
72,48,devils,0.6566067383206778,184.0,539.0,348.8286795689939,532.9948063195566,ok,0.8296935932831936,70
72,24,flyers,0.6703652085485381,764.0,628.0,556.0177804531407,634.8790416608372,ok,0.8296935932831936,70
72,47,flyers,0.6987547123279284,171.5,423.0,319.61598574588305,360.49211178072164,ok,0.8296935932831936,70
72,3,flyers,0.5193614701371182,672.5,434.0,488.94352880283964,362.4263065975566,ok,0.8296935932831936,70
72,38,flyers,0.6613669923892885,377.0,644.0,435.62521996815286,677.4586708796354,ok,0.8296935932831936,70
72,55,flyers,0.7013469195589312,784.0,572.0,551.3334662244754,555.1087134620619,ok,0.8296935932831936,70
73,35,devils,0.753745772050009,381.5,446.0,403.81824692751854,387.7852445993695,ok,0.8193869739384815,70
73,48,devils,0.6566067383206778,169.5,536.0,351.20622760691293,527.6783987726689,ok,0.8193869739384815,70
73,24,flyers,0.6703652085485381,754.5,621.0,558.7112531135467,625.7162002814719,ok,0.8193869739384815,70
73,47,flyers,0.6987547123279284,154.5,422.0,321.62482915123445,358.3222278193737,ok,0.8193869739384815,70
73,3,flyers,0.5193614701371182,678.0,476.0,506.42872463460674,422.7295778818569,ok,0.8193869739384815,70
73,38,flyers,0.6613669923892885,366.5,643.0,439.3875194268688,675.2756763846598,ok,0.8193869739384815,70
73,55,flyers,0.7013469195589312,774.5,568.0,554.7101806251399,550.2483141755599,ok,0.8193869739384815,70
73,50,flyers,0.99,961.0,707.0,637.7379502649568,735.2595464223954,ok,0.8193869739384815,70
74,35,devils,0.753745772050009,367.0,446.0,402.9776324123641,392.92935055275325,ok,0.8092083854755028,70
74,48,devils,0.6566067383206778,151.5,529.0,343.86359810592484,528.431409276608,ok,0.8092083854755028,70
74,47,flyers,0.6987547123279284,162.0,398.0,323.48786592967247,324.0153574165752,ok,0.8092083854755028,70
74,3,flyers,0.5193614701371182,661.0,475.0,506.30104329867453,428.91787756656174,ok,0.8092083854755028,70
74,24,flyers,0.6703652085485381,734.5,618.0,557.2677367000477,642.6913151802704,ok,0.8092083854755028,70
74,38,flyers,0.6613669923892885,355.5,646.0,436.47202251967684,703.4556631137746,ok,0.8092083854755028,70
74,55,flyers,0.7013469195589312,761.0,565.0,555.7273502092248,561.2737020737912,ok,0.8092083854755028,70
75,35,devils,0.753745772050009,348.5,445.0,406.41435196357725,391.7833672715846,ok,0.799156237469102,70
75,48,devils,0.6566067383206778,133.5,530.0,348.16548073633,529.3698283803425,ok,0.799156237469102,70
75,3,flyers,0.5193614701371182,623.0,432.0,495.3380214100708,365.9921122376486,ok,0.799156237469102,70
75,47,flyers,0.6987547123279284,141.5,398.0,326.7871279550853,323.9213025850846,ok,0.799156237469102,70
75,38,flyers,0.6613669923892885,341.5,637.0,439.69601633131225,688.8032753277174,ok,0.799156237469102,70
76,35,devils,0.753745772050009,331.0,442.0,408.6866215482904,386.77247138862367,ok,0.7892289592507017,70
76,48,devils,0.6566067383206778,114.5,519.0,346.1412634828017,513.6737643434791,ok,0.7892289592507017,70
76,3,flyers,0.5193614701371182,599.0,427.0,496.5580240206697,358.2317764740968,ok,0.7892289592507017,70
76,47,flyers,0.6987547123279284,117.5,397.0,326.5910625793731,321.4038543773344,ok,0.7892289592507017,70
76,38,flyers,0.6613669923892885,324.5,650.0,443.95132426629084,717.4661227987494,ok,0.7892289592507017,70
77,35,devils,0.753745772050009,313.0,442.0,414.2053169412322,386.2142634420524,ok,0.7794249996628831,70
77,48,devils,0.6566067383206778,95.0,520.0,351.79157209298296,513.1730940777711,ok,0.7794249996628831,70
77,3,flyers,0.5193614701371182,574.0,423.0,498.814739810979,352.8233736671821,ok,0.7794249996628831,70
77,47,flyers,0.6987547123279284,90.5,395.0,329.06673970911294,317.3470605330161,ok,0.7794249996628831,70
77,38,flyers,0.6613669923892885,305.0,633.0,445.8247539598237,687.9316169361292,ok,0.7794249996628831,70
77,63,devils,0.8300496453169237,1270.5,455.0,727.4884276648028,388.78478607956094,ok,0.7794249996628831,70
78,48,devils,0.6566067383206778,73.5,520.0,352.1955534092685,512.9042854754637,ok,0.7697428268170143,70
78,35,devils,0.753745772050009,289.5,436.0,414.81245710617185,375.95698085163804,ok,0.7697428268170143,70
78,63,devils,0.8300496453169237,1260.5,453.0,737.4560204652357,387.98550453436957,ok,0.7697428268170143,70
78,3,flyers,0.5193614701371182,560.5,459.0,511.10038758505965,407.4650705665148,ok,0.7697428268170143,70
78,47,flyers,0.6987547123279284,65.5,448.0,338.4184080484435,398.0369876548852,ok,0.7697428268170143,70
78,38,flyers,0.6613669923892885,297.5,662.0,455.8447669740067,741.4817559146511,ok,0.7697428268170143,70
79,63,devils,0.8300496453169237,1247.0,455.0,744.6730847766489,395.605648860425,ok,0.7601809278538898,70
79,48,devils,0.6566067383206778,49.5,521.0,353.70513435641374,513.3973660536095,ok,0.7601809278538898,70
79,35,devils,0.753745772050009,266.0,435.0,416.9905624593011,374.24321040557555,ok,0.7601809278538898,70
79,3,flyers,0.5193614701371182,518.5,416.0,499.801536003391,342.82565023655985,ok,0.7601809278538898,70
79,38,flyers,0.6613669923892885,251.0,657.0,445.6640703776948,734.1796836388814,ok,0.7601809278538898,70
80,63,devils,0.8300496453169237,1233.0,446.0,752.5500163130723,383.39081958728195,ok,0.7507378087073424,70
80,48,devils,0.6566067383206778,27.5,538.0,357.1608017315931,537.1743639533169,ok,0.7507378087073424,70
80,35,devils,0.753745772050009,238.5,436.0,418.3837217344627,372.52687120239057,ok,0.7507378087073424,70
80,3,flyers,0.5193614701371182,480.5,465.0,505.5175731825946,416.5411944466564,ok,0.7507378087073424,70
80,38,flyers,0.6613669923892885,234.0,635.0,444.1091469724926,697.1122090822041,ok,0.7507378087073424,70
80,47,flyers,0.6987547123279284,8.0,392.0,333.36518900990427,305.2412924685342,ok,0.7507378087073424,70
81,63,devils,0.8300496453169237,1204.0,442.0,756.9071872712848,379.6996422286492,ok,0.7414119938707935,70
81,35,devils,0.753745772050009,210.0,437.0,422.39452115262475,372.4066995241435,ok,0.7414119938707935,70
81,48,devils,0.6566067383206778,11.5,502.0,361.5488106569461,475.5170229565256,ok,0.7414119938707935,70
81,3,flyers,0.5193614701371182,459.0,411.0,503.5231854469204,332.39993209630154,ok,0.7414119938707935,70
81,24,flyers,0.6703652085485381,686.0,579.0,608.4838977712537,597.8133051181852,ok,0.7414119938707935,70
81,38,flyers,0.6613669923892885,207.5,641.0,449.5518738232664,705.1831333202467,ok,0.7414119938707935,70
81,55,flyers,0.7013469195589312,616.5,529.0,575.8328100379213,516.9429179427705,ok,0.7414119938707935,70
82,63,devils,0.8300496453169237,1172.0,435.0,759.9123945941647,372.45818712547776,ok,0.7322020261667014,70
82,35,devils,0.753745772050009,181.0,430.0,425.48499685142866,360.4777536444229,ok,0.7322020261667014,70
82,38,flyers,0.6613669923892885,186.5,660.0,459.1677172828546,736.420785869224,ok,0.7322020261667014,70
82,3,flyers,0.5193614701371182,424.0,408.0,504.77976016497206,327.8320619026428,ok,0.7322020261667014,70
82,24,flyers,0.6703652085485381,649.5,575.0,609.2459632257575,593.1881470521868,ok,0.7322020261667014,70
83,63,devils,0.8300496453169237,1142.5,434.0,764.9185494163326,374.3464483884777,ok,0.7231064665188744,70
83,35,devils,0.753745772050009,148.5,435.0,429.05694725806393,367.57435240009943,ok,0.7231064665188744,70
83,3,flyers,0.5193614701371182,396.5,405.0,508.6873695294147,323.6495310846916,ok,0.7231064665188744,70
83,38,flyers,0.6613669923892885,163.5,672.0,467.17648684171064,755.8537896488147,ok,0.7231064665188744,70
83,24,flyers,0.6703652085485381,607.5,574.0,608.585426634957,593.2961615634654,ok,0.7231064665188744,70
84,63,devils,0.8300496453169237,1113.0,444.0,772.6911189346234,393.94038879537885,ok,0.7141238937276125,70
84,35,devils,0.753745772050009,123.0,434.0,434.1009084220384,365.2846893241138,ok,0.7141238937276125,70
84,38,flyers,0.6613669923892885,138.5,683.0,474.1434711522134,774.5741770733512,ok,0.7141238937276125,70
84,3,flyers,0.5193614701371182,364.5,401.0,510.8164026427965,317.8900973506677,ok,0.7141238937276125,70
84,67,flyers,0.941370542635659,587.5,488.0,600.6387533100273,456.1170024930205,ok,0.7141238937276125,70
84,24,flyers,0.6703652085485381,569.0,571.0,608.8822161528215,590.6516074550635,ok,0.7141238937276125,70
85,63,devils,0.8300496453169237,1081.0,430.0,773.8005923837759,375.4428963891378,ok,0.7052529042476419,70
85,35,devils,0.753745772050009,97.0,436.0,439.5031799705465,367.5966899269141,ok,0.7052529042476419,70
85,24,flyers,0.6703652085485381,527.5,569.0,607.9744007845316,588.4579601429122,ok,0.7052529042476419,70
85,3,flyers,0.5193614701371182,333.0,398.0,513.3700148664407,313.49144119648787,ok,0.7052529042476419,70
85,38,flyers,0.6613669923892885,110.5,684.0,478.65754239043144,774.435244435749,ok,0.7052529042476419,70
85,68,flyers,0.99,1012.5,457.0,755.8163527141623,416.67401892137906,ok,0.7052529042476419,70
85,67,flyers,0.941370542635659,547.0,486.0,600.1888018691429,453.98818791349254,ok,0.7052529042476419,70
86,63,devils,0.8300496453169237,1051.5,425.0,777.5870116918866,370.1856809372137,ok,0.6964921119688081,70
86,35,devils,0.753745772050009,72.5,436.0,445.13411861125724,366.391433379257,ok,0.6964921119688081,70
86,68,flyers,0.99,971.5,457.0,756.4491140538418,418.96367696250724,ok,0.6964921119688081,70
86,24,flyers,0.6703652085485381,491.5,570.0,609.6636913062531,590.5187504130395,ok,0.6964921119688081,70
86,3,flyers,0.5193614701371182,292.0,428.0,517.6264026664264,358.7023782027217,ok,0.6964921119688081,70
86,38,flyers,0.6613669923892885,60.0,655.0,471.0693541508988,721.1583339776141,ok,0.6964921119688081,70
87,63,devils,0.8300496453169237,1023.0,422.0,782.2142136866943,367.2642574867881,ok,0.6878401479994937,70
87,35,devils,0.753745772050009,48.0,447.0,452.3923529669433,380.6020609954065,ok,0.6878401479994937,70
87,68,flyers,0.99,930.5,452.0,755.9660657246699,412.34913241629437,ok,0.6878401479994937,70
87,24,flyers,0.6703652085485381,451.5,609.0,616.6647853065031,654.9298201471062,ok,0.6878401479994937,70
87,3,flyers,0.5193614701371182,249.5,424.0,516.3735201207325,350.4785643304925,ok,0.6878401479994937,70
87,38,flyers,0.6613669923892885,35.5,658.0,477.3451142180011,722.1268920648271,ok,0.6878401479994937,70
88,35,devils,0.753745772050009,24.5,450.0,185.5948185615187,474.5895741393744,ok,0.7221563556627107,105
88,63,devils,0.8300496453169237,995.0,422.0,833.0989812264464,337.9292252235524,ok,0.7221563556627107,105
88,68,flyers,0.99,890.0,454.0,787.6383851607369,398.26994342618093,ok,0.7221563556627107,105
88,48,devils,0.6566067383206778,27.5,583.0,297.7812494549768,749.2044630863112,ok,0.7221563556627107,105
88,55,flyers,0.7013469195589312,444.5,532.0,568.0900496811405,577.3410015077012,ok,0.7221563556627107,105
88,38,flyers,0.6613669923892885,24.0,616.0,316.5611007382009,804.5240308739392,ok,0.7221563556627107,105
88,3,flyers,0.5193614701371182,237.5,388.0,345.9679934130183,294.9568540775603,ok,0.7221563556627107,105
89,63,devils,0.8300496453169237,967.0,415.0,838.9683666638591,326.6010522912055,ok,0.7312399643871752,105
89,68,flyers,0.99,848.0,446.0,786.7543144936183,385.731826104924,ok,0.7312399643871752,105
89,24,flyers,0.6703652085485381,401.5,609.0,586.5257313873681,696.5981369159942,ok,0.7312399643871752,105
89,35,devils,0.753745772050009,9.5,434.0,196.38897487971704,425.1898550187094,ok,0.7312399643871752,105
89,3,flyers,0.5193614701371182,207.0,386.0,352.88245243239805,285.64131871071976,ok,0.7312399643871752,105
89,38,flyers,0.6613669923892885,10.0,620.0,338.59688164984726,799.4705096693347,ok,0.7312399643871752,105
90,63,devils,0.8300496453169237,941.0,415.0,845.4810315076061,327.41291304964034,ok,0.7404378308437946,105
90,68,flyers,0.99,807.5,450.0,786.9085202152012,393.51919244360596,ok,0.7404378308437946,105
90,24,flyers,0.6703652085485381,376.5,609.0,594.2412292732222,693.0461718447318,ok,0.7404378308437946,105
90,3,flyers,0.5193614701371182,177.0,385.0,361.1282936760174,279.89581623936874,ok,0.7404378308437946,105
91,63,devils,0.8300496453169237,914.0,416.0,850.781078187281,330.66042090763705,ok,0.7497513922179158,105
91,68,flyers,0.99,769.5,452.0,787.3374072656246,398.3603069213272,ok,0.7497513922179158,105
91,3,flyers,0.5193614701371182,146.5,384.0,367.96364437771035,275.1700834525916,ok,0.7497513922179158,105
91,55,flyers,0.7013469195589312,289.5,565.0,554.8023247880252,634.0015705895136,ok,0.7497513922179158,105
91,24,flyers,0.6703652085485381,358.0,564.0,594.0462169631448,622.1190993652598,ok,0.7497513922179158,105
91,67,flyers,0.941370542635659,375.0,515.0,591.3255158189364,539.3270884593331,ok,0.7497513922179158,105
92,63,devils,0.8300496453169237,891.0,424.0,855.9540515193917,347.08113245444116,ok,0.7687282335469142,105
92,24,flyers,0.6703652085485381,336.0,572.0,602.7817635146495,632.6542025730191,ok,0.7687282335469142,105
92,68,flyers,0.99,731.0,454.0,785.7735531185608,404.33274519841734,ok,0.7687282335469142,105
92,3,flyers,0.5193614701371182,117.5,383.0,375.3361333263973,270.8814664678461,ok,0.7687282335469142,105
93,63,devils,0.8300496453169237,869.0,420.0,862.3885579971976,341.0449380620673,ok,0.7783976443805015,105
93,68,flyers,0.99,696.0,445.0,786.0461550216692,389.1775826597199,ok,0.7783976443805015,105
93,24,flyers,0.6703652085485381,315.0,562.0,608.6393964807057,613.3662743040043,ok,0.7783976443805015,105
93,67,flyers,0.941370542635659,179.0,659.0,558.3777686693256,773.5583912368309,ok,0.7783976443805015,105
93,3,flyers,0.5193614701371182,90.5,381.0,382.6264783254699,262.244489738233,ok,0.7783976443805015,105
94,63,devils,0.8300496453169237,849.0,417.0,868.9669745746312,336.4727786296231,ok,0.7881886814296856,105
94,24,flyers,0.6703652085485381,294.5,593.0,622.3608070336059,657.0915804100604,ok,0.7881886814296856,105
94,68,flyers,0.99,661.0,442.0,785.7908643962357,384.15122990013856,ok,0.7881886814296856,105
94,55,flyers,0.7013469195589312,178.0,565.0,550.9776181945823,629.7666575927016,ok,0.7881886814296856,105
94,76,flyers,0.99,1189.5,673.0,962.739744101367,655.660775909125,ok,0.7881886814296856,105
94,3,flyers,0.5193614701371182,65.0,381.0,390.9848535660685,258.7160674499943,ok,0.7881886814296856,105
95,63,devils,0.8300496453169237,829.0,415.0,875.3618800276805,332.04155691893556,ok,0.8012502489729854,105
95,68,flyers,0.99,627.0,453.0,785.9710063279251,401.8506031811815,ok,0.8012502489729854,105
95,24,flyers,0.6703652085485381,280.5,595.0,631.1905695726922,655.9139567004183,ok,0.8012502489729854,105
95,77,flyers,0.99,1070.5,429.0,965.9806959899367,352.59642567742685,ok,0.8012502489729854,105
95,76,flyers,0.99,1151.5,674.0,963.2346232993657,659.395061540095,ok,0.8012502489729854,105
95,55,flyers,0.7013469195589312,142.5,566.0,547.8873831862113,628.9520436265125,ok,0.8012502489729854,105
95,3,flyers,0.5193614701371182,40.0,382.0,397.94372451427125,256.2809427929908,ok,0.8012502489729854,105
96,63,devils,0.8300496453169237,818.0,461.0,881.9681888164688,409.1560541655126,ok,0.8113287364016133,105
96,68,flyers,0.99,593.5,440.0,785.4348536691098,379.63171770577344,ok,0.8113287364016133,105
96,24,flyers,0.6703652085485381,266.5,598.0,641.7570730918825,657.1745957922157,ok,0.8113287364016133,105
96,55,flyers,0.7013469195589312,110.5,572.0,550.8116775136983,636.7496984088422,ok,0.8113287364016133,105
96,77,flyers,0.99,1034.5,429.0,965.5762648404618,354.60157186849517,ok,0.8113287364016133,105
97,68,flyers,0.99,560.0,451.0,784.538995886014,398.4286618935556,ok,0.8215339955959651,105
97,24,flyers,0.6703652085485381,244.5,582.0,642.306045186507,631.3986661346962,ok,0.8215339955959651,105
97,63,devils,0.8300496453169237,756.5,493.0,868.4414258159695,460.08030115068897,ok,0.8215339955959651,105
97,55,flyers,0.7013469195589312,79.0,574.0,549.5979402297921,637.6761839948509,ok,0.8215339955959651,105
98,68,flyers,0.99,529.5,446.0,785.1249245050266,389.5725527278084,ok,0.8318676211485528,105
98,55,flyers,0.7013469195589312,44.0,574.0,548.3139513766985,635.0859070187095,ok,0.8318676211485528,105
98,77,flyers,0.99,967.0,429.0,965.2290774838915,357.1600887115763,ok,0.8318676211485528,105
98,63,devils,0.8300496453169237,773.5,433.0,891.6684517732685,364.61703174232116,ok,0.8318676211485528,105
98,24,flyers,0.6703652085485381,229.0,564.0,647.9787225614645,600.6933139557323,ok,0.8318676211485528,105
98,78,flyers,0.99,917.5,592.0,930.5885227437742,584.8205022135961,ok,0.8318676211485528,105
99,68,flyers,0.99,496.5,441.0,784.5966356609889,380.58119485963744,ok,0.8423312277093925,105
99,24,flyers,0.6703652085485381,202.0,601.0,656.3779086426048,653.6114304882391,ok,0.8423312277093925,105
99,63,devils,0.8300496453169237,707.0,488.0,874.6492721007783,453.4749247280885,ok,0.8423312277093925,105
100,68,flyers,0.99,465.5,437.0,785.0385879091986,372.7067049618903,ok,0.8529264502382983,105
100,24,flyers,0.6703652085485381,213.0,584.0,675.2408399891176,622.721557738427,ok,0.8529264502382983,105
101,63,devils,0.8300496453169237,725.0,407.0,913.6371168221644,322.5337771196122,ok,0.863654944260346,105
101,68,flyers,0.99,431.0,440.0,784.2206411585538,377.421891716553,ok,0.863654944260346,105
101,76,flyers,0.99,947.0,665.0,962.7557752759881,663.8653923844405,ok,0.863654944260346,105
101,80,flyers,0.9067867612431183,747.5,401.0,923.2023670313431,312.6557611069225,ok,0.863654944260346,105
101,24,flyers,0.6703652085485381,182.0,568.0,673.8649691452533,597.1863290942849,ok,0.863654944260346,105
102,63,devils,0.8300496453169237,707.5,404.0,920.3249546384438,317.99156160701204,ok,0.874518386124554,105
102,68,flyers,0.99,398.5,445.0,784.8520328646479,385.2756535599936,ok,0.874518386124554,105
102,78,flyers,0.99,911.5,662.0,962.5255683529476,662.0155460569584,ok,0.874518386124554,105
102,24,flyers,0.6703652085485381,162.5,572.0,681.5370600590968,599.6437221607317,ok,0.874518386124554,105
103,63,devils,0.8300496453169237,688.5,400.0,926.7479610303152,311.6842670318803,ok,0.8855184732658155,105
103,68,flyers,0.99,363.0,445.0,784.3466369055762,384.0740559097052,ok,0.8855184732658155,105
103,80,flyers,0.9067867612431183,712.5,395.0,936.7548807177319,303.79757542251633,ok,0.8855184732658155,105
103,24,flyers,0.6703652085485381,145.0,571.0,689.9654046525224,594.3398140917074,ok,0.8855184732658155,105
104,63,devils,0.8300496453169237,675.5,397.0,935.9551380757048,307.4485064320518,ok,0.8966569244701261,105
104,68,flyers,0.99,328.0,452.0,784.9091850090036,395.2910452272044,ok,0.8966569244701261,105
104,24,flyers,0.6703652085485381,124.0,571.0,697.233311097338,591.2465487439014,ok,0.8966569244701261,105
104,78,flyers,0.99,869.5,719.0,964.3862180014031,721.0843641470337,ok,0.8966569244701261,105
104,55,flyers,0.7013469195589312,9.0,676.0,656.5649443044551,743.2043950104799,ok,0.8966569244701261,105
105,63,devils,0.8300496453169237,656.5,397.0,942.6769573210711,307.50340292001454,ok,0.9299999324043553,105
105,24,flyers,0.6703652085485381,102.5,573.0,704.2121999245102,590.0259774335047,ok,0.9299999324043553,105
105,68,flyers,0.99,291.0,454.0,784.5722042825258,396.41788312334813,ok,0.9299999324043553,105
105,78,flyers,0.99,831.5,719.0,963.7673777939862,722.6510250850024,ok,0.9299999324043553,105
106,63,devils,0.8300496453169237,637.0,393.0,950.3317397711439,300.88336223769033,ok,0.8982592337016531,105
106,68,flyers,0.99,252.0,440.0,783.9399836749894,369.3715841624832,ok,0.8982592337016531,105
106,24,flyers,0.6703652085485381,82.0,565.0,711.7051110332976,573.9048245652746,ok,0.8982592337016531,105
107,63,devils,0.8300496453169237,610.5,397.0,954.5541186436008,308.7777228318278,ok,0.8871008782923978,105
107,68,flyers,0.99,212.0,454.0,784.2754078787005,392.60485106618745,ok,0.8871008782923978,105
107,78,flyers,0.99,755.0,719.0,963.2640971285284,724.630955136623,ok,0.8871008782923978,105
107,80,flyers,0.9067867612431183,662.0,465.0,964.2598446653179,418.14829135507586,ok,0.8871008782923978,105
107,24,flyers,0.6703652085485381,58.0,567.0,719.5634298391898,573.6281107742834,ok,0.8871008782923978,105
108,63,devils,0.8300496453169237,587.5,397.0,961.0888408163872,309.6384870690526,ok,0.8760811342001967,105
108,68,flyers,0.99,168.5,450.0,783.5391243442048,383.55947631985657,ok,0.8760811342001967,105
108,76,flyers,0.99,683.5,647.0,961.858076664804,651.133502075179,ok,0.8760811342001967,105
108,24,flyers,0.6703652085485381,30.5,569.0,726.6801848243749,572.7413459284475,ok,0.8760811342001967,105
109,63,devils,0.8300496453169237,559.0,386.0,967.5608570221035,291.2161934135064,ok,0.8651982795676152,105
109,68,flyers,0.99,126.5,459.0,784.1091923826332,396.4937479742162,ok,0.8651982795676152,105
109,78,flyers,0.99,674.5,719.0,963.2216695697632,725.6263301203546,ok,0.8651982795676152,105
109,24,flyers,0.6703652085485381,12.0,572.0,737.8462715282966,572.8432245143624,ok,0.8651982795676152,105
110,63,devils,0.8300496453169237,534.0,398.0,972.0910214013425,311.67177955784723,ok,0.8544506139264758,105
110,68,flyers,0.99,82.0,463.0,783.8618632897654,400.1155270911444,ok,0.8544506139264758,105
110,76,flyers,0.99,334.0,716.0,872.7632291640756,734.9965755643102,ok,0.8544506139264758,105
110,78,flyers,0.99,632.5,719.0,962.8834968684862,725.7213139494692,ok,0.8544506139264758,105
110,24,flyers,0.6703652085485381,6.5,510.0,751.7083311373406,475.31242312163687,ok,0.8544506139264758,105
111,63,devils,0.8300496453169237,508.5,389.0,979.617559665396,295.2411937049501,ok,0.8438364579321556,105
111,68,flyers,0.99,38.5,465.0,784.1991461498651,398.40984084646357,ok,0.8438364579321556,105
112,63,devils,0.8300496453169237,486.0,393.0,985.9430408916685,300.2379110752453,ok,0.833354153101186,105
112,78,flyers,0.99,523.0,659.0,961.8446856727717,660.4702258768189,ok,0.833354153101186,105
113,63,devils,0.8300496453169237,462.0,402.0,990.1146571919928,313.56339649601307,ok,0.8230020615521105,105
113,78,flyers,0.99,484.0,661.0,961.5752715292424,660.9947514822829,ok,0.8230020615521105,105
114,63,devils,0.8300496453169237,439.0,404.0,993.8352898925184,313.11387404276365,ok,0.8014953707457633,105
114,78,flyers,0.99,445.5,661.0,957.5248200742178,658.8878773234494,ok,0.8014953707457633,105
114,80,flyers,0.9067867612431183,577.0,592.0,1006.7001542525005,579.8310926423337,ok,0.8014953707457633,105
115,63,devils,0.8300496453169237,424.5,405.0,1001.3855661440183,315.75737222228855,ok,0.7915390353471289,105
115,78,flyers,0.99,410.0,660.0,957.8098738827341,656.7767518561011,ok,0.7915390353471289,105
116,63,devils,0.8300496453169237,407.0,405.0,1007.5644751474358,317.42557664784823,ok,0.7817063795331661,105
116,78,flyers,0.99,375.5,659.0,958.2104586005793,654.8762184934848,ok,0.7817063795331661,105
117,63,devils,0.8300496453169237,384.0,409.0,1010.8333308155817,324.0409249733348,ok,0.7719958669313997,105
118,63,devils,0.8300496453169237,368.5,414.0,1016.1644740900803,331.98884962635714,ok,0.7624059802544788,105
119,63,devils,0.8300496453169237,354.0,417.0,1022.1522983359134,335.59747197608,ok,0.7529352210630998,105
120,63,devils,0.8300496453169237,338.5,417.0,1028.0912947493678,334.55413006460896,ok,0.7435821095318704,105
121,63,devils,0.8300496453169237,326.0,420.0,1034.0227932272446,338.82285659558676,ok,0.7343451842180849,105
121,83,devils,0.6615439164530482,1269.5,430.0,1292.0972087258535,421.1021817652033,ok,0.7343451842180849,105
122,63,devils,0.8300496453169237,306.5,422.0,989.6183706569282,343.14776563348323,ok,0.7118319027447567,138
122,78,flyers,0.99,176.0,673.0,888.5687584579728,724.74935880268,ok,0.7118319027447567,138
122,83,devils,0.6615439164530482,1239.5,429.0,1341.5006490856579,446.4423390912689,ok,0.7118319027447567,138
123,63,devils,0.8300496453169237,297.5,424.0,999.5816720150699,346.8970259371366,ok,0.7208722837359647,138
123,83,devils,0.6615439164530482,1188.5,474.0,1320.318971788465,508.60407161218563,ok,0.7208722837359647,138
124,83,devils,0.6615439164530482,1169.5,428.0,1340.855479150832,445.70053126404764,ok,0.7299397408239239,138
125,63,devils,0.8300496453169237,274.5,438.0,1013.6588868238387,369.94896520089634,ok,0.7391212524814609,138
125,78,flyers,0.99,84.5,684.0,887.4765574105526,730.3522311145538,ok,0.7391212524814609,138
125,83,devils,0.6615439164530482,1122.5,474.0,1318.2537997502138,508.0921086411214,ok,0.7391212524814609,138
126,78,flyers,0.99,51.5,686.0,885.4970822951534,731.4458664863262,ok,0.7493618646223495,138
126,83,devils,0.6615439164530482,1103.0,428.0,1339.556614581381,444.4650204307267,ok,0.7493618646223495,138
127,83,devils,0.6615439164530482,1072.5,428.0,1338.4464057538528,444.3841931361045,ok,0.7587876765229012,138
128,88,flyers,0.99,1229.0,539.0,1353.3622548470823,607.202986771734,ok,0.7683320505416752,138
128,83,devils,0.6615439164530482,1043.5,427.0,1337.5356662914423,442.9549039937598,ok,0.7683320505416752,138
129,83,devils,0.6615439164530482,1015.0,426.0,1336.3322886294056,442.1865162947978,ok,0.7779964780065298,138
130,88,flyers,0.99,1181.0,538.0,1352.9268462100254,608.2064740972401,ok,0.7877824690039191,138
130,83,devils,0.6615439164530482,989.0,425.0,1335.3281142962628,441.1828507927644,ok,0.7877824690039191,138
131,88,flyers,0.99,1159.0,539.0,1352.2744349227332,609.7234208184433,ok,0.7976915526148463,138
131,83,devils,0.6615439164530482,966.5,424.0,1335.2278208809132,439.6901030339958,ok,0.7976915526148463,138
132,83,devils,0.6615439164530482,946.5,425.0,1334.9168998859482,440.98488478740853,ok,0.8104370683776695,138
132,88,flyers,0.99,1140.0,539.0,1352.6151348587955,609.6685791490144,ok,0.8104370683776695,138
132,90,flyers,0.7207219587595323,1272.0,385.0,1449.8331728507173,419.58616488723135,ok,0.8104370683776695,138
133,83,devils,0.6615439164530482,927.0,425.0,1334.757548643071,440.53971312231124,ok,0.8218565183211353,138
133,88,flyers,0.99,1121.5,540.0,1352.3609204545107,610.615343994681,ok,0.8218565183211353,138
134,83,devils,0.6615439164530482,906.0,425.0,1333.7804051815272,439.9267735954363,ok,0.8321942007101921,138
134,88,flyers,0.99,1103.5,540.0,1352.2334239049037,610.2189156589308,ok,0.8321942007101921,138
135,91,devils,0.6406245917129506,214.0,443.0,1091.9205384803802,383.7985208075246,ok,0.8426619151362222,138
135,92,devils,0.6642107614458139,154.5,461.0,1064.1441143035827,404.60203685372835,ok,0.8426619151362222,138
135,83,devils,0.6615439164530482,889.0,426.0,1333.5486402694576,440.98718641401206,ok,0.8426619151362222,138
135,88,flyers,0.99,1088.0,542.0,1352.037288051212,612.1768505317957,ok,0.8426619151362222,138
135,90,flyers,0.7207219587595323,1264.0,425.0,1445.8913173587441,479.6167272117476,ok,0.8426619151362222,138
135,93,flyers,0.6576991397831161,1221.0,387.0,1449.20272383533,423.5323747172187,ok,0.8426619151362222,138
136,91,devils,0.6406245917129506,211.0,445.0,1098.2450337769005,387.79391959272135,ok,0.8532612972009013,138
136,92,devils,0.6642107614458139,162.5,462.0,1075.2905288295576,408.11819784291265,ok,0.8532612972009013,138
136,83,devils,0.6615439164530482,871.5,429.0,1332.0902535041125,445.04938880142527,ok,0.8532612972009013,138
136,88,flyers,0.99,1071.0,539.0,1352.8068319336085,608.1007520224983,ok,0.8532612972009013,138
136,90,flyers,0.7207219587595323,1248.0,420.0,1447.6409951170447,473.51271127951554,ok,0.8532612972009013,138
137,83,devils,0.6615439164530482,854.0,456.0,1321.7390584332304,482.1384601414326,ok,0.8639940030792417,138
137,88,flyers,0.99,1056.0,541.0,1352.069822405536,610.2113933499795,ok,0.8639940030792417,138
137,90,flyers,0.7207219587595323,1236.5,425.0,1446.211618476899,481.03419073832276,ok,0.8639940030792417,138
138,83,devils,0.6615439164530482,840.5,456.0,1322.2322016071573,481.4845930431756,ok,0.8865329224202411,138
138,88,flyers,0.99,1042.5,541.0,1352.3583123971646,609.2853906095339,ok,0.8865329224202411,138
138,93,flyers,0.6576991397831161,1261.0,451.0,1446.3217747172564,518.1783873860517,ok,0.8865329224202411,138
138,90,flyers,0.7207219587595323,1219.0,420.0,1446.9794830091178,473.921621141541,ok,0.8865329224202411,138
139,83,devils,0.6615439164530482,827.5,457.0,1322.3643962157646,481.65664645393827,ok,0.8624207205949209,138
139,88,flyers,0.99,1031.0,539.0,1353.738979409977,605.6209838435839,ok,0.8624207205949209,138
139,93,flyers,0.6576991397831161,1254.0,467.0,1441.606705424907,538.1895199251364,ok,0.8624207205949209,138
139,90,flyers,0.7207219587595323,1205.0,425.0,1444.555038487092,479.9190889493334,ok,0.8624207205949209,138
140,83,devils,0.6615439164530482,815.5,458.0,1322.726495270088,481.42811424492527,ok,0.8517075583454803,138
140,88,flyers,0.99,1020.5,542.0,1353.6173702090553,607.4180864780024,ok,0.8517075583454803,138
140,93,flyers,0.6576991397831161,1247.5,466.0,1443.5256378884565,536.3127912079682,ok,0.8517075583454803,138
140,90,flyers,0.7207219587595323,1200.5,426.0,1446.2695448536933,481.04180862657284,ok,0.8517075583454803,138
141,83,devils,0.6615439164530482,804.5,460.0,1322.6954425582392,482.4066464207533,ok,0.8411274771348436,138
141,93,flyers,0.6576991397831161,1238.0,468.0,1443.173748401199,537.6026673764325,ok,0.8411274771348436,138
141,90,flyers,0.7207219587595323,1192.5,426.0,1447.0771528983769,480.2544352126992,ok,0.8411274771348436,138
142,83,devils,0.6615439164530482,793.5,462.0,1322.5139633344422,483.4918178613232,ok,0.8306788238037964,138
142,93,flyers,0.6576991397831161,1227.5,454.0,1448.4711154776687,519.3705567559224,ok,0.8306788238037964,138
142,90,flyers,0.7207219587595323,1180.0,427.0,1446.0386344590356,480.49936774149637,ok,0.8306788238037964,138
143,91,devils,0.6406245917129506,217.5,459.0,1143.872453393002,410.0200002111595,ok,0.8203599657289977,138
143,83,devils,0.6615439164530482,784.0,464.0,1322.6405135472642,484.9828090884518,ok,0.8203599657289977,138
143,92,devils,0.6642107614458139,163.5,470.0,1122.3987644894073,418.89661431222913,ok,0.8203599657289977,138
143,93,flyers,0.6576991397831161,1219.5,455.0,1448.452419862937,520.0456504439859,ok,0.8203599657289977,138
143,90,flyers,0.7207219587595323,1170.0,428.0,1445.4804435509886,481.18086138492765,ok,0.8203599657289977,138
144,91,devils,0.6406245917129506,221.0,462.0,1149.999997575529,414.583124833662,ok,0.8085095892632707,138
144,92,devils,0.6642107614458139,166.5,469.0,1129.6953590027574,417.51419318556856,ok,0.8085095892632707,138
144,83,devils,0.6615439164530482,775.0,465.0,1323.2193876123217,485.1944188497271,ok,0.8085095892632707,138
144,90,flyers,0.7207219587595323,1161.5,428.0,1445.711446830899,480.78851891712907,ok,0.8085095892632707,138
144,93,flyers,0.6576991397831161,1209.0,455.0,1448.1520330962878,519.2635598806246,ok,0.8085095892632707,138
145,91,devils,0.6406245917129506,223.5,464.0,1156.078869918893,418.16760218132464,ok,0.7984661218428324,138
145,83,devils,0.6615439164530482,766.5,467.0,1323.6611761573895,487.11418774407724,ok,0.7984661218428324,138
145,92,devils,0.6642107614458139,168.0,469.0,1136.2598778968954,418.0772453451106,ok,0.7984661218428324,138
145,93,flyers,0.6576991397831161,1202.5,455.0,1448.8309383699589,519.077364308131,ok,0.7984661218428324,138
145,90,flyers,0.7207219587595323,1153.5,428.0,1446.01492376582,480.664008301794,ok,0.7984661218428324,138
146,91,devils,0.6406245917129506,226.5,469.0,1161.410498956873,425.2869624927654,ok,0.7885474163784238,138
146,83,devils,0.6615439164530482,758.0,467.0,1324.8748751457124,485.97742541595386,ok,0.7885474163784238,138
146,92,devils,0.6642107614458139,173.0,469.0,1143.8663269203623,418.47344057464693,ok,0.7885474163784238,138
146,88,flyers,0.99,1203.5,508.0,1432.1470432759552,581.3390864486798,ok,0.7885474163784238,138
146,93,flyers,0.6576991397831161,1191.5,456.0,1448.0649098764347,519.2165349597038,ok,0.7885474163784238,138
146,90,flyers,0.7207219587595323,1143.5,429.0,1445.516656969006,481.136903898085,ok,0.7885474163784238,138
147,91,devils,0.6406245917129506,229.0,472.0,1167.3273717795398,429.2698680263146,ok,0.7787519230521368,138
147,83,devils,0.6615439164530482,749.0,469.0,1325.4259418112683,487.0605723200526,ok,0.7787519230521368,138
147,92,devils,0.6642107614458139,178.0,481.0,1148.5453619641617,435.1151626986308,ok,0.7787519230521368,138
147,93,flyers,0.6576991397831161,1186.0,472.0,1443.2935858717578,537.3916895308412,ok,0.7787519230521368,138
147,90,flyers,0.7207219587595323,1134.0,429.0,1445.6288867992414,480.1498228079274,ok,0.7787519230521368,138
148,83,devils,0.6615439164530482,741.5,471.0,1326.5313560307466,488.03115138908726,ok,0.7690781112982097,138
148,93,flyers,0.6576991397831161,1176.5,459.0,1448.252675823207,520.5316403526755,ok,0.7690781112982097,138
148,90,flyers,0.7207219587595323,1125.5,430.0,1445.696879390658,480.235674326042,ok,0.7690781112982097,138
149,83,devils,0.6615439164530482,735.0,471.0,1328.565936333273,486.52267051685163,ok,0.7595244695638744,138
149,93,flyers,0.6576991397831161,1169.5,475.0,1443.2327919999386,537.8665408326596,ok,0.7595244695638744,138
149,90,flyers,0.7207219587595323,1116.5,432.0,1445.2551301322299,481.42432592104495,ok,0.7595244695638744,138
150,83,devils,0.6615439164530482,726.5,472.0,1329.6533763844689,486.1676997377817,ok,0.7500895050731731,138
150,91,devils,0.6406245917129506,257.0,484.0,1190.2779005266352,446.3480759953114,ok,0.7500895050731731,138
150,93,flyers,0.6576991397831161,1158.0,461.0,1447.8872335214735,519.9835101694512,ok,0.7500895050731731,138
150,90,flyers,0.7207219587595323,1108.5,432.0,1445.7497202687155,480.4206546907817,ok,0.7500895050731731,138
151,83,devils,0.6615439164530482,718.0,475.0,1330.063211513348,488.34259680721135,ok,0.7407717435937083,138
151,91,devils,0.6406245917129506,260.5,489.0,1195.5628832815714,452.48707873262055,ok,0.7407717435937083,138
151,93,flyers,0.6576991397831161,1150.5,462.0,1447.9581162737352,520.0639687227359,ok,0.7407717435937083,138
151,90,flyers,0.7207219587595323,1101.0,432.0,1446.2094037290362,479.64836043481705,ok,0.7407717435937083,138
151,92,devils,0.6642107614458139,212.0,486.0,1181.8458911934251,442.7736637040902,ok,0.7407717435937083,138
152,83,devils,0.6615439164530482,710.0,476.0,1331.1474289530602,488.0863063509069,ok,0.731569729206292,138
152,91,devils,0.6406245917129506,264.5,500.0,1199.2444364004903,466.0630789586908,ok,0.731569729206292,138
152,93,flyers,0.6576991397831161,1145.0,463.0,1448.435893016647,520.2162430403678,ok,0.731569729206292,138
152,90,flyers,0.7207219587595323,1088.0,434.0,1444.4407605978117,480.51301254761023,ok,0.731569729206292,138
153,83,devils,0.6615439164530482,701.0,478.0,1331.6209535873543,489.05030638198895,ok,0.7224820240774543,138
153,91,devils,0.6406245917129506,270.0,491.0,1208.5355549077285,455.0232449292109,ok,0.7224820240774543,138
153,93,flyers,0.6576991397831161,1139.0,479.0,1443.4572098657036,537.2368332679983,ok,0.7224820240774543,138
153,90,flyers,0.7207219587595323,1080.5,435.0,1444.378377746504,480.935065313092,ok,0.7224820240774543,138
153,92,devils,0.6642107614458139,222.5,491.0,1194.8128625556462,449.3452338648297,ok,0.7224820240774543,138
154,91,devils,0.6406245917129506,271.5,488.0,1214.9796704989562,451.34756348699403,ok,0.7135072082347798,138
154,83,devils,0.6615439164530482,694.5,479.0,1333.039399669989,489.21827929527285,ok,0.7135072082347798,138
154,92,devils,0.6642107614458139,200.0,482.0,1196.1494087326773,435.37277698645664,ok,0.7135072082347798,138
154,93,flyers,0.6576991397831161,1131.5,480.0,1443.3676057562104,537.1360686422673,ok,0.7135072082347798,138
154,90,flyers,0.7207219587595323,1072.5,435.0,1444.5103300081926,480.14719826964625,ok,0.7135072082347798,138
155,91,devils,0.6406245917129506,280.5,480.0,1218.2450385880118,440.61102294869096,ok,0.6927857974537615,138
155,83,devils,0.6615439164530482,687.0,480.0,1332.6987484855215,488.8861631531208,ok,0.6927857974537615,138
155,92,devils,0.6642107614458139,208.5,483.0,1195.9099886867111,435.30867142272183,ok,0.6927857974537615,138
155,93,flyers,0.6576991397831161,1125.0,481.0,1443.6351670134568,536.9061496835781,ok,0.6927857974537615,138
155,90,flyers,0.7207219587595323,1066.0,437.0,1444.3806102687865,481.84731798881234,ok,0.6927857974537615,138
156,91,devils,0.6406245917129506,289.5,480.0,1222.4891669621763,438.67385825170305,ok,0.6768163036088292,138
156,83,devils,0.6615439164530482,680.0,482.0,1332.1208840945897,488.2310731976482,ok,0.6768163036088292,138
156,92,devils,0.6642107614458139,217.5,483.0,1200.0484969900403,433.1755279852561,ok,0.6768163036088292,138
156,93,flyers,0.6576991397831161,1118.5,483.0,1443.4273668310918,537.0101004585601,ok,0.6768163036088292,138
156,90,flyers,0.7207219587595323,1056.5,438.0,1443.765459174267,480.79365176794,ok,0.6768163036088292,138
157,91,devils,0.6406245917129506,296.5,480.0,1265.6120454734212,472.6881953662985,ok,0.692839414263336,175
157,83,devils,0.6615439164530482,672.5,483.0,1352.9715087297536,520.8361060692882,ok,0.692839414263336,175
157,92,devils,0.6642107614458139,226.0,483.0,1249.1515343720862,467.86707173323987,ok,0.692839414263336,175
157,93,flyers,0.6576991397831161,1111.0,484.0,1460.6974585064315,577.0499615964848,ok,0.692839414263336,175
157,90,flyers,0.7207219587595323,1051.5,438.0,1467.456456879248,518.886793004455,ok,0.692839414263336,175
158,91,devils,0.6406245917129506,303.0,479.0,1271.0198591261571,472.48283812513614,ok,0.7015542612610888,175
158,83,devils,0.6615439164530482,665.0,485.0,1353.6342181820073,522.002508942511,ok,0.7015542612610888,175
158,92,devils,0.6642107614458139,236.5,484.0,1255.2561599352225,470.3262848350853,ok,0.7015542612610888,175
158,93,flyers,0.6576991397831161,1104.5,484.0,1461.2209170897017,575.994076491754,ok,0.7015542612610888,175
158,90,flyers,0.7207219587595323,1041.5,439.0,1466.5218911316706,518.930493562268,ok,0.7015542612610888,175
159,91,devils,0.6406245917129506,310.0,480.0,1276.0627186909246,474.4150569404097,ok,0.7103787275394869,175
159,83,devils,0.6615439164530482,658.5,489.0,1353.8757401136577,525.2317558738305,ok,0.7103787275394869,175
159,92,devils,0.6642107614458139,253.5,504.0,1259.869747546681,493.4583052754641,ok,0.7103787275394869,175
159,93,flyers,0.6576991397831161,1098.0,486.0,1460.7933188093816,576.9167910604074,ok,0.7103787275394869,175
159,90,flyers,0.7207219587595323,1036.5,439.0,1467.3993824142804,518.4408509422566,ok,0.7103787275394869,175
160,91,devils,0.6406245917129506,316.0,483.0,1280.5296096238014,478.4390230338933,ok,0.71931419193934,175
160,83,devils,0.6615439164530482,655.0,491.0,1355.4821156621208,526.826348559471,ok,0.71931419193934,175
160,92,devils,0.6642107614458139,255.0,487.0,1266.3835270510049,475.71951510119607,ok,0.71931419193934,175
160,93,flyers,0.6576991397831161,1091.5,488.0,1460.410213442531,577.992067737078,ok,0.71931419193934,175
160,90,flyers,0.7207219587595323,1027.5,440.0,1466.7417712362083,518.7957482619895,ok,0.71931419193934,175
161,91,devils,0.6406245917129506,320.5,486.0,1284.664397455008,482.00831516723053,ok,0.7283620506451395,175
161,83,devils,0.6615439164530482,648.5,490.0,1357.3277463760155,524.7766652090389,ok,0.7283620506451395,175
161,92,devils,0.6642107614458139,263.5,487.0,1272.0042525080733,476.5215564902346,ok,0.7283620506451395,175
161,93,flyers,0.6576991397831161,1084.5,489.0,1460.4842451795298,577.7739180355205,ok,0.7283620506451395,175
161,90,flyers,0.7207219587595323,1019.5,440.0,1466.984069555259,517.8574831491676,ok,0.7283620506451395,175
162,91,devils,0.6406245917129506,325.5,488.0,1284.2794402969382,481.5330063090574,ok,0.7375237174032165,175
162,83,devils,0.6615439164530482,637.5,488.0,1356.8176653956748,519.9301246061491,ok,0.7375237174032165,175
162,92,devils,0.6642107614458139,280.5,505.0,1271.058958408775,493.90825474697914,ok,0.7375237174032165,175
162,93,flyers,0.6576991397831161,1077.5,490.0,1460.8034348803678,577.3616558445342,ok,0.7375237174032165,175
162,90,flyers,0.7207219587595323,1012.0,441.0,1467.0536275677387,518.1318769266323,ok,0.7375237174032165,175
163,91,devils,0.6406245917129506,330.0,498.0,1282.137786535126,490.31666212280055,ok,0.7566606437282072,175
163,83,devils,0.6615439164530482,628.5,488.0,1355.9425988970004,517.7678650936737,ok,0.7566606437282072,175
163,92,devils,0.6642107614458139,282.0,500.0,1270.388161514703,486.38520273033623,ok,0.7566606437282072,175
163,93,flyers,0.6576991397831161,1071.0,491.0,1461.2036344213868,577.1310278347764,ok,0.7566606437282072,175
163,90,flyers,0.7207219587595323,1004.5,442.0,1467.100453971644,518.55467191922,ok,0.7566606437282072,175
164,91,devils,0.6406245917129506,334.0,496.0,1287.3296088945972,488.956479841454,ok,0.7661782629680476,175
164,83,devils,0.6615439164530482,620.0,488.0,1357.0934473305117,516.8135675982688,ok,0.7661782629680476,175
164,92,devils,0.6642107614458139,286.0,497.0,1275.836602161753,483.9823585194742,ok,0.7661782629680476,175
164,93,flyers,0.6576991397831161,1063.5,492.0,1461.1744663931393,576.9527674190318,ok,0.7661782629680476,175
164,90,flyers,0.7207219587595323,996.0,442.0,1467.2234928776745,517.7372486315129,ok,0.7661782629680476,175
165,91,devils,0.6406245917129506,337.5,492.0,1291.2820970787825,484.25818417571134,ok,0.7758155991202786,175
165,83,devils,0.6615439164530482,613.0,489.0,1357.3176590419364,516.1640957371588,ok,0.7758155991202786,175
165,92,devils,0.6642107614458139,292.0,487.0,1281.5234585668036,473.1723121427393,ok,0.7758155991202786,175
165,93,flyers,0.6576991397831161,1057.5,493.0,1461.2522713183573,576.5660182564326,ok,0.7758155991202786,175
165,90,flyers,0.7207219587595323,989.5,445.0,1466.2389197857792,519.7645676093559,ok,0.7758155991202786,175
166,83,devils,0.6615439164530482,606.5,493.0,1357.4798136615188,519.059789552915,ok,0.7855741580382812,175
166,93,flyers,0.6576991397831161,1051.5,494.0,1461.3112657659278,576.3102027001437,ok,0.7855741580382812,175
166,90,flyers,0.7207219587595323,982.5,445.0,1466.4546582345704,518.891866358342,ok,0.7855741580382812,175
167,83,devils,0.6615439164530482,601.5,495.0,1357.4775194780177,519.8267583715294,ok,0.7954554645167404,175
167,93,flyers,0.6576991397831161,1047.5,496.0,1461.3503249541507,576.8625936295052,ok,0.7954554645167404,175
167,90,flyers,0.7207219587595323,977.5,446.0,1466.598583473305,519.0347115437821,ok,0.7954554645167404,175
168,83,devils,0.6615439164530482,597.0,497.0,1358.4467659488466,520.6192867409779,ok,0.805461062529897,175
168,108,flyers,0.6536160570916624,632.5,516.0,1361.0403659820365,543.040401028893,ok,0.805461062529897,175
168,93,flyers,0.6576991397831161,1043.0,497.0,1461.5087423534892,576.3766325475108,ok,0.805461062529897,175
168,90,flyers,0.7207219587595323,972.0,447.0,1466.476247058538,518.9457678293567,ok,0.805461062529897,175
169,83,devils,0.6615439164530482,594.0,500.0,1358.9647661484698,521.4092911942242,ok,0.8155925154727972,175
169,108,flyers,0.6536160570916624,626.0,513.0,1362.460356873998,537.65699149123,ok,0.8155925154727972,175
169,90,flyers,0.7207219587595323,968.5,448.0,1466.7077146368792,518.2759615585718,ok,0.8155925154727972,175
169,91,devils,0.6406245917129506,337.0,395.0,1326.3716848052184,368.32847618595855,ok,0.8155925154727972,175
170,83,devils,0.6615439164530482,591.0,504.0,1359.2466953807384,523.9314244976039,ok,0.825851406405576,175
170,90,flyers,0.7207219587595323,965.5,449.0,1466.698861474893,518.1197855320144,ok,0.825851406405576,175
170,92,devils,0.6642107614458139,356.5,421.0,1326.771990564941,404.2431358891882,ok,0.825851406405576,175
170,91,devils,0.6406245917129506,346.0,396.0,1331.2392464744767,371.41327376928706,ok,0.825851406405576,175
171,83,devils,0.6615439164530482,591.0,506.0,1360.3317093760163,524.9553140295294,ok,0.8362393383008132,175
171,93,flyers,0.6576991397831161,1037.0,502.0,1461.4163541408745,576.121918485467,ok,0.8362393383008132,175
171,90,flyers,0.7207219587595323,964.5,450.0,1466.7257531537707,518.2946419451497,ok,0.8362393383008132,175
171,91,devils,0.6406245917129506,357.0,398.0,1335.7317729650417,376.0862856751614,ok,0.8362393383008132,175
172,83,devils,0.6615439164530482,592.0,507.0,1360.3038227666748,525.5950399663927,ok,0.8491852657731912,175
172,92,devils,0.6642107614458139,386.0,540.0,1305.9725931167113,530.9403026754535,ok,0.8491852657731912,175
172,93,flyers,0.6576991397831161,1038.0,504.0,1461.2257121485102,576.7718860298924,ok,0.8491852657731912,175
172,90,flyers,0.7207219587595323,964.0,451.0,1466.4917199874744,518.5703521904593,ok,0.8491852657731912,175
172,91,devils,0.6406245917129506,369.5,401.0,1337.6813207882396,381.4929769465136,ok,0.8491852657731912,175
173,83,devils,0.6615439164530482,592.5,509.0,1359.8984913144318,525.9055867252241,ok,0.861675719079457,175
173,92,devils,0.6642107614458139,399.0,548.0,1306.9490092003032,537.8878293633559,ok,0.861675719079457,175
173,93,flyers,0.6576991397831161,1041.0,504.0,1461.9212863254827,575.3173299697208,ok,0.861675719079457,175
173,90,flyers,0.7207219587595323,965.5,452.0,1466.4278877768213,518.2244648573867,ok,0.861675719079457,175
173,108,flyers,0.6536160570916624,543.0,567.0,1333.5753387831562,570.4261076458695,ok,0.861675719079457,175
174,83,devils,0.6615439164530482,594.0,510.0,1359.9769111332087,526.5670999481074,ok,0.8807278030896964,175
174,92,devils,0.6642107614458139,415.0,560.0,1307.687260978908,549.8873024221001,ok,0.8807278030896964,175
174,93,flyers,0.6576991397831161,1043.5,506.0,1461.6418980784035,575.7933899209062,ok,0.8807278030896964,175
174,90,flyers,0.7207219587595323,967.0,453.0,1466.2756463473143,518.2698712168425,ok,0.8807278030896964,175
175,83,devils,0.6615439164530482,596.5,512.0,1359.6468401632299,527.5906189674901,ok,0.9088861067817222,175
175,92,devils,0.6642107614458139,402.5,488.0,1321.3986582499713,481.34803327630993,ok,0.9088861067817222,175
175,93,flyers,0.6576991397831161,1046.5,509.0,1460.8708364998267,577.081553958654,ok,0.9088861067817222,175
175,90,flyers,0.7207219587595323,970.0,454.0,1466.2426302360325,518.3476060792208,ok,0.9088861067817222,175
175,91,devils,0.6406245917129506,409.0,408.0,1345.740615848721,394.73079229700505,ok,0.9088861067817222,175
175,114,devils,0.5351399291199068,578.0,567.0,1340.6077814715563,572.7362351672028,ok,0.9088861067817222,175
176,92,devils,0.6642107614458139,422.5,491.0,1325.878625564444,485.5062394143843,ok,0.8873140097458571,175
176,93,flyers,0.6576991397831161,1051.0,510.0,1461.146804720315,576.8239723948218,ok,0.8873140097458571,175
176,90,flyers,0.7207219587595323,973.5,455.0,1466.2606411207685,518.3812271539488,ok,0.8873140097458571,175
176,91,devils,0.6406245917129506,426.0,419.0,1347.101189708334,409.2245913168008,ok,0.8873140097458571,175
176,114,devils,0.5351399291199068,625.0,580.0,1347.6589847498506,586.5112962890431,ok,0.8873140097458571,175
177,92,devils,0.6642107614458139,437.5,492.0,1329.2513089600654,486.76082908058413,ok,0.8721205148296832,175
177,93,flyers,0.6576991397831161,1054.5,512.0,1460.8666847027791,577.1042575750324,ok,0.8721205148296832,175
177,90,flyers,0.7207219587595323,977.5,456.0,1466.4687405494767,518.1831029271449,ok,0.8721205148296832,175
177,91,devils,0.6406245917129506,442.0,421.0,1350.6503165537888,412.35128705364326,ok,0.8721205148296832,175
177,83,devils,0.6615439164530482,496.5,454.0,1353.927556975864,455.7578358263831,ok,0.8721205148296832,175
178,92,devils,0.6642107614458139,452.5,494.0,1332.0754357228589,489.3926734378038,ok,0.8612868598010901,175
178,93,flyers,0.6576991397831161,1059.5,513.0,1461.1550730189585,576.9270743857544,ok,0.8612868598010901,175
178,90,flyers,0.7207219587595323,981.0,457.0,1466.3928768781177,518.1516447481022,ok,0.8612868598010901,175
178,91,devils,0.6406245917129506,458.5,422.0,1354.2847469219028,414.7343072178026,ok,0.8612868598010901,175
179,92,devils,0.6642107614458139,470.0,495.0,1335.3747316089007,491.09893773854077,ok,0.8505877825966426,175
179,93,flyers,0.6576991397831161,1064.5,514.0,1461.2263120672294,576.769652274067,ok,0.8505877825966426,175
179,90,flyers,0.7207219587595323,986.0,458.0,1466.4469807986757,518.1877828876594,ok,0.8505877825966426,175
179,91,devils,0.6406245917129506,476.5,423.0,1357.925595472472,416.9576346613833,ok,0.8505877825966426,175
179,114,devils,0.5351399291199068,703.5,586.0,1361.872243237591,594.9450131897668,ok,0.8505877825966426,175
180,92,devils,0.6642107614458139,487.5,498.0,1337.7645020485018,494.8266423113616,ok,0.8400216114637601,175
180,90,flyers,0.7207219587595323,991.0,458.0,1466.6958331419962,517.3101521950385,ok,0.8400216114637601,175
180,108,flyers,0.6536160570916624,451.0,578.0,1310.2578253767183,560.8419526616419,ok,0.8400216114637601,175
180,93,flyers,0.6576991397831161,1071.0,514.0,1461.7894777328083,576.0276552142379,ok,0.8400216114637601,175
180,91,devils,0.6406245917129506,496.0,423.0,1361.8579914918364,418.2386045773779,ok,0.8400216114637601,175
181,92,devils,0.6642107614458139,506.0,498.0,1340.7010215230894,495.91537037841937,ok,0.829586695416706,175
181,108,flyers,0.6536160570916624,471.0,578.0,1313.2775528152597,561.9734155126907,ok,0.829586695416706,175
181,93,flyers,0.6576991397831161,1076.0,515.0,1461.2781529290676,576.2042582392911,ok,0.829586695416706,175
181,90,flyers,0.7207219587595323,997.5,459.0,1466.4812961200403,517.8100785419352,ok,0.829586695416706,175
181,91,devils,0.6406245917129506,517.5,424.0,1365.4696304762367,421.0079605524697,ok,0.829586695416706,175
181,114,devils,0.5351399291199068,758.5,589.0,1370.5058131571257,600.6005022637937,ok,0.829586695416706,175
182,92,devils,0.6642107614458139,526.0,500.0,1342.7857213325963,498.72159713270776,ok,0.819281403978618,175
182,118,flyers,0.7277218056519555,631.5,535.0,1356.763716032147,542.4389227553183,ok,0.819281403978618,175
182,90,flyers,0.7207219587595323,1005.0,459.0,1466.6548885280379,517.4209720582921,ok,0.819281403978618,175
182,93,flyers,0.6576991397831161,1082.5,515.0,1461.2397226358705,575.7349592542632,ok,0.819281403978618,175
182,108,flyers,0.6536160570916624,493.5,579.0,1315.8054213202452,563.9595420248197,ok,0.819281403978618,175
182,91,devils,0.6406245917129506,538.5,422.0,1369.404150427664,419.9330860363034,ok,0.819281403978618,175
182,114,devils,0.5351399291199068,784.5,591.0,1373.6246740573963,603.690799085723,ok,0.819281403978618,175
183,92,devils,0.6642107614458139,553.5,502.0,1346.6032349775658,503.14340500305207,ok,0.8091041269267427,175
183,93,flyers,0.6576991397831161,1091.0,515.0,1461.345224297254,576.0599002232908,ok,0.8091041269267427,175
183,118,flyers,0.7277218056519555,723.5,556.0,1368.9547112077344,569.4301509527595,ok,0.8091041269267427,175
183,90,flyers,0.7207219587595323,1012.0,459.0,1466.4084066798787,517.6222395263076,ok,0.8091041269267427,175
183,91,devils,0.6406245917129506,560.0,420.0,1373.3787430575926,419.820479349808,ok,0.8091041269267427,175
184,92,devils,0.6642107614458139,571.5,503.0,1348.7830614531028,505.72136064929225,ok,0.7956586293551167,175
184,93,flyers,0.6576991397831161,1098.0,514.0,1461.4682818234833,575.5470447106302,ok,0.7956586293551167,175
184,90,flyers,0.7207219587595323,1020.0,459.0,1466.3542860837244,518.0829191820559,ok,0.7956586293551167,175
184,91,devils,0.6406245917129506,580.0,418.0,1377.1538443251677,419.8569366573235,ok,0.7956586293551167,175
185,92,devils,0.6642107614458139,588.5,503.0,1350.9870121855772,507.8315475124475,ok,0.7857747991225026,175
185,93,flyers,0.6576991397831161,1103.5,515.0,1460.783846448079,576.4794830261251,ok,0.7857747991225026,175
185,90,flyers,0.7207219587595323,1025.5,460.0,1465.6037469160403,519.2529825182366,ok,0.7857747991225026,175
185,108,flyers,0.6536160570916624,566.0,594.0,1322.8387745649231,582.3708219407781,ok,0.7857747991225026,175
185,91,devils,0.6406245917129506,600.0,416.0,1381.0154844638864,420.36562749263265,ok,0.7857747991225026,175
186,93,flyers,0.6576991397831161,1109.0,515.0,1460.8237065304806,576.3634335198211,ok,0.7760137478009226,175
186,108,flyers,0.6536160570916624,588.0,587.0,1327.9243510556882,578.4310794229808,ok,0.7760137478009226,175
186,90,flyers,0.7207219587595323,1031.0,460.0,1465.642552192602,519.1260255021745,ok,0.7760137478009226,175
186,118,flyers,0.7277218056519555,781.5,560.0,1375.842870082873,577.4804748497944,ok,0.7760137478009226,175
186,91,devils,0.6406245917129506,618.0,413.0,1385.207761332004,418.4436270050921,ok,0.7760137478009226,175
187,93,flyers,0.6576991397831161,1114.0,515.0,1461.1726165586226,575.6096802781574,ok,0.7663739502062488,175
187,90,flyers,0.7207219587595323,1036.0,460.0,1466.020665293541,518.3052117385093,ok,0.7663739502062488,175
187,118,flyers,0.7277218056519555,774.0,556.0,1374.5892415648966,572.4678959576979,ok,0.7663739502062488,175
187,92,devils,0.6642107614458139,601.5,436.0,1372.3106098629496,440.3593270240205,ok,0.7663739502062488,175
187,91,devils,0.6406245917129506,635.5,411.0,1389.3522461003754,417.1389935472818,ok,0.7663739502062488,175
187,108,flyers,0.6536160570916624,630.0,530.0,1350.6489684185879,534.9840771408135,ok,0.7663739502062488,175
188,93,flyers,0.6576991397831161,1118.5,517.0,1460.6631183832033,576.5590601486031,ok,0.7568539001004946,175
188,90,flyers,0.7207219587595323,1041.0,462.0,1465.5903390174756,519.4995408543863,ok,0.7568539001004946,175
188,92,devils,0.6642107614458139,618.5,432.0,1376.870264087484,437.1277633334091,ok,0.7568539001004946,175
188,120,flyers,0.6855429370475772,6.0,562.0,1202.8814150926833,493.1026018100007,ok,0.7568539001004946,175
188,108,flyers,0.6536160570916624,642.5,532.0,1351.9667634852767,537.3074330514827,ok,0.7568539001004946,175
189,93,flyers,0.6576991397831161,1122.5,517.0,1460.9699666687234,575.831621046427,ok,0.7474521099564623,175
189,114,devils,0.5351399291199068,801.0,547.0,1381.5075559974607,566.0749742713311,ok,0.7474521099564623,175
189,90,flyers,0.7207219587595323,1044.5,462.0,1465.8124381718274,518.6069413713072,ok,0.7474521099564623,175
189,120,flyers,0.6855429370475772,20.5,556.0,1205.7605580073127,488.0866229922007,ok,0.7474521099564623,175
189,92,devils,0.6642107614458139,635.0,432.0,1380.1525542556988,437.81986865385255,ok,0.7474521099564623,175
189,118,flyers,0.7277218056519555,748.0,585.0,1359.4687433133613,590.767005911732,ok,0.7474521099564623,175
189,108,flyers,0.6536160570916624,653.5,535.0,1352.7946199521728,539.9875506018566,ok,0.7474521099564623,175
190,120,flyers,0.6855429370475772,51.5,592.0,1207.2497817697351,523.2131594478499,ok,0.7381671107253138,175
190,114,devils,0.5351399291199068,815.5,528.0,1389.803202019577,550.9944108776992,ok,0.7381671107253138,175
190,93,flyers,0.6576991397831161,1126.5,518.0,1460.8953368187301,576.2389264506055,ok,0.7381671107253138,175
190,90,flyers,0.7207219587595323,1048.0,462.0,1466.0474411777166,518.0352610363607,ok,0.7381671107253138,175
190,92,devils,0.6642107614458139,650.0,430.0,1383.7379268654213,436.58363869585145,ok,0.7381671107253138,175
190,122,flyers,0.5730831441055658,965.5,719.0,1367.1168298061302,699.9490435536361,ok,0.7381671107253138,175
190,108,flyers,0.6536160570916624,668.0,538.0,1354.380945529125,543.4833457489601,ok,0.7381671107253138,175
191,114,devils,0.5351399291199068,820.5,537.0,1387.392850314546,558.5634478626694,ok,0.7289974516070289,175
191,120,flyers,0.6855429370475772,67.5,604.0,1208.3712506012196,534.7588306390829,ok,0.7289974516070289,175
191,93,flyers,0.6576991397831161,1129.5,519.0,1460.5556720734762,576.6903245832921,ok,0.7289974516070289,175
191,90,flyers,0.7207219587595323,1051.5,464.0,1465.388374538787,519.5401456212131,ok,0.7289974516070289,175
191,92,devils,0.6642107614458139,667.0,430.0,1387.1670942509513,437.9701480013707,ok,0.7289974516070289,175
191,108,flyers,0.6536160570916624,683.0,540.0,1356.3971899344708,546.2729251502855,ok,0.7289974516070289,175
192,114,devils,0.5351399291199068,838.5,539.0,1389.8538003106542,561.8385536692061,ok,0.7199416998237143,175
192,118,flyers,0.7277218056519555,738.5,526.0,1371.8543985319814,539.9029294412094,ok,0.7199416998237143,175
192,120,flyers,0.6855429370475772,93.0,597.0,1213.8541767964837,531.3855870498883,ok,0.7199416998237143,175
192,93,flyers,0.6576991397831161,1133.0,518.0,1460.9606327113754,575.8550794014872,ok,0.7199416998237143,175
192,90,flyers,0.7207219587595323,1055.0,464.0,1465.4159088753545,519.494698679279,ok,0.7199416998237143,175
192,108,flyers,0.6536160570916624,699.5,542.0,1358.5889717423433,549.4549880130102,ok,0.7199416998237143,175
193,114,devils,0.5351399291199068,858.0,550.0,1394.0508008302793,581.8056417174922,ok,0.7570458876460565,210
193,118,flyers,0.7277218056519555,706.0,525.0,1362.6257703940162,522.3061769266241,ok,0.7570458876460565,210
193,120,flyers,0.6855429370475772,118.5,601.0,1220.3121352069134,529.0643574122867,ok,0.7570458876460565,210
193,108,flyers,0.6536160570916624,717.0,543.0,1359.8902904077288,548.0924350623208,ok,0.7570458876460565,210
194,118,flyers,0.7277218056519555,714.0,541.0,1358.9813784647404,544.1007283483764,ok,0.766568352657849,210
194,120,flyers,0.6855429370475772,144.5,605.0,1223.5119932955452,536.4490660535241,ok,0.766568352657849,210
194,114,devils,0.5351399291199068,871.0,561.0,1393.0652633487662,597.9275847711749,ok,0.766568352657849,210
195,118,flyers,0.7277218056519555,722.0,532.0,1362.9408784673064,532.8548200635356,ok,0.7762105955343397,210
195,120,flyers,0.6855429370475772,167.5,596.0,1228.6599743226695,528.9316432816769,ok,0.7762105955343397,210
195,114,devils,0.5351399291199068,884.5,576.0,1390.8464315670683,619.5904304529853,ok,0.7762105955343397,210
195,92,devils,0.6642107614458139,766.0,575.0,1360.8537385479883,596.6155822042641,ok,0.7762105955343397,210
196,120,flyers,0.6855429370475772,198.0,526.0,1247.5633608060389,450.37679808013064,ok,0.7859741228955953,210
196,114,devils,0.5351399291199068,897.0,576.0,1393.6191259477325,621.3064275877595,ok,0.7859741228955953,210
196,118,flyers,0.7277218056519555,775.5,567.0,1365.1435579009997,587.4713176216408,ok,0.7859741228955953,210
196,122,flyers,0.5730831441055658,982.0,719.0,1370.2283421856912,810.3327673639908,ok,0.7859741228955953,210
197,120,flyers,0.6855429370475772,222.5,524.0,1252.3106508963397,450.7515222738751,ok,0.7958604603126301,210
197,114,devils,0.5351399291199068,909.5,578.0,1395.6949462985156,625.8489005588129,ok,0.7958604603126301,210
197,108,flyers,0.6536160570916624,680.5,502.0,1360.5395697181136,484.5398790977853,ok,0.7958604603126301,210
197,118,flyers,0.7277218056519555,781.5,582.0,1361.5303318437307,607.3702507612211,ok,0.7958604603126301,210
197,122,flyers,0.5730831441055658,984.5,715.0,1371.5016079728991,806.0560858235739,ok,0.7958604603126301,210
198,120,flyers,0.6855429370475772,240.5,582.0,1243.640411774455,523.1849756994454,ok,0.8058711525457796,210
198,114,devils,0.5351399291199068,922.0,572.0,1400.4746751076696,620.4202644246739,ok,0.8058711525457796,210
198,118,flyers,0.7277218056519555,723.5,538.0,1359.797259370064,540.4053415607856,ok,0.8058711525457796,210
198,122,flyers,0.5730831441055658,987.0,719.0,1370.4141269483523,810.944353555687,ok,0.8058711525457796,210
199,120,flyers,0.6855429370475772,264.0,582.0,1247.7934734968126,527.0255555685502,ok,0.8160077637860718,210
199,114,devils,0.5351399291199068,931.5,572.0,1402.436140876219,622.3089385174061,ok,0.8160077637860718,210
199,122,flyers,0.5730831441055658,989.0,719.0,1370.4368435804988,811.2023544258551,ok,0.8160077637860718,210
200,120,flyers,0.6855429370475772,288.0,579.0,1252.696099515929,527.2048730491125,ok,0.8262718778996364,210
200,114,devils,0.5351399291199068,940.0,582.0,1400.612870009348,637.4977624650984,ok,0.8262718778996364,210
200,92,devils,0.6642107614458139,832.0,465.0,1411.8417644081715,454.6772200894395,ok,0.8262718778996364,210
201,120,flyers,0.6855429370475772,309.5,575.0,1257.1754499166802,525.8864869506058,ok,0.8366650986751859,210
201,114,devils,0.5351399291199068,952.0,580.0,1403.9317305797815,637.703855241931,ok,0.8366650986751859,210
201,92,devils,0.6642107614458139,844.0,464.0,1415.029512537553,455.3796015713055,ok,0.8366650986751859,210
202,120,flyers,0.6855429370475772,331.0,568.0,1262.39721945455,521.1976432092569,ok,0.8471890500746118,210
202,114,devils,0.5351399291199068,964.5,591.0,1403.0116782529226,655.0560440200131,ok,0.8471890500746118,210
202,118,flyers,0.7277218056519555,812.5,571.0,1369.8065212395197,600.6638908005588,ok,0.8471890500746118,210
203,120,flyers,0.6855429370475772,353.0,564.0,1267.087498420277,519.757238758726,ok,0.8578453764867314,210
203,118,flyers,0.7277218056519555,819.0,568.0,1371.781153546292,598.3270322902235,ok,0.8578453764867314,210
203,114,devils,0.5351399291199068,975.5,590.0,1405.7193873069143,656.3814317898862,ok,0.8578453764867314,210
203,92,devils,0.6642107614458139,858.0,620.0,1365.6940644233036,671.1142478059795,ok,0.8578453764867314,210
204,120,flyers,0.6855429370475772,373.5,557.0,1272.1588026872776,514.2608115641005,ok,0.868635742984227,210
204,118,flyers,0.7277218056519555,826.0,569.0,1372.6386403235417,601.1663891327364,ok,0.868635742984227,210
204,92,devils,0.6642107614458139,873.5,560.0,1387.870036308214,597.9051449430716,ok,0.868635742984227,210
204,108,flyers,0.6536160570916624,732.5,542.0,1357.2792067589141,549.5942191816514,ok,0.868635742984227,210
205,120,flyers,0.6855429370475772,393.5,552.0,1276.8788496715079,510.6857639212345,ok,0.879561835583817,210
205,118,flyers,0.7277218056519555,833.0,570.0,1373.465682164531,603.4259099230075,ok,0.879561835583817,210
205,122,flyers,0.5730831441055658,998.0,719.0,1369.296598907359,814.03421782774,ok,0.879561835583817,210
205,92,devils,0.6642107614458139,885.5,457.0,1427.2664006810398,452.10044881579586,ok,0.879561835583817,210
206,120,flyers,0.6855429370475772,414.5,542.0,1283.11227354427,500.70922795596124,ok,0.8906253615096995,210
206,118,flyers,0.7277218056519555,838.5,569.0,1374.7139722261998,602.9031812169343,ok,0.8906253615096995,210
206,114,devils,0.5351399291199068,889.5,558.0,1391.6376875676358,597.7336766980732,ok,0.8906253615096995,210
206,108,flyers,0.6536160570916624,738.0,534.0,1359.957129934368,539.3278749283232,ok,0.8906253615096995,210
207,120,flyers,0.6855429370475772,436.5,553.0,1284.7195864719893,516.8812559182117,ok,0.9018280494603093,210
207,122,flyers,0.5730831441055658,1018.0,602.0,1410.9241366157135,680.0066568345032,ok,0.9018280494603093,210
207,118,flyers,0.7277218056519555,845.5,568.0,1376.3606643050884,602.4137391149319,ok,0.9018280494603093,210
207,114,devils,0.5351399291199068,896.5,559.0,1392.7183513234063,599.923635045903,ok,0.9018280494603093,210
207,108,flyers,0.6536160570916624,740.5,531.0,1361.0149345333687,535.1674493740254,ok,0.9018280494603093,210
208,120,flyers,0.6855429370475772,453.5,548.0,1289.1391079025643,512.5153237425574,ok,0.9131716498784305,210
208,118,flyers,0.7277218056519555,852.5,560.0,1380.5038296235434,592.778895287977,ok,0.9131716498784305,210
208,108,flyers,0.6536160570916624,739.5,530.0,1360.7917065234333,533.1519163561651,ok,0.9131716498784305,210
208,92,devils,0.6642107614458139,907.0,449.0,1435.841107626014,441.6968608093279,ok,0.9131716498784305,210
209,120,flyers,0.6855429370475772,469.5,536.0,1295.2950867519314,498.7310092637054,ok,0.9246579352247075,210
209,118,flyers,0.7277218056519555,856.5,562.0,1380.857607791126,595.5910820044044,ok,0.9246579352247075,210
209,108,flyers,0.6536160570916624,741.5,534.0,1359.9895373480117,538.184255811342,ok,0.9246579352247075,210
209,92,devils,0.6642107614458139,912.0,445.0,1438.9762802307635,435.54447915832634,ok,0.9246579352247075,210
209,114,devils,0.5351399291199068,960.0,478.0,1440.4283692200318,494.8105087738066,ok,0.9246579352247075,210
210,120,flyers,0.6855429370475772,490.5,472.0,1316.2413051308804,415.46468046597994,ok,0.9551535083576738,210
210,118,flyers,0.7277218056519555,858.5,562.0,1381.4822568457287,595.5340054209668,ok,0.9551535083576738,210
210,108,flyers,0.6536160570916624,740.5,535.0,1359.4690916285108,538.8395911256991,ok,0.9551535083576738,210
210,92,devils,0.6642107614458139,916.0,441.0,1442.0279756699028,429.2549811713755,ok,0.9551535083576738,210
211,118,flyers,0.7277218056519555,867.5,538.0,1392.0417311772107,564.8100023086274,ok,0.9277031613923487,210
211,120,flyers,0.6855429370475772,507.0,467.0,1321.517234851254,410.17073918833165,ok,0.9277031613923487,210
211,108,flyers,0.6536160570916624,739.0,536.0,1358.9039447972425,539.7482989035711,ok,0.9277031613923487,210
211,90,flyers,0.7207219587595323,1092.0,584.0,1438.9842734238089,671.6311296537339,ok,0.9277031613923487,210
211,92,devils,0.6642107614458139,918.0,436.0,1445.028213121996,421.30577320491494,ok,0.9277031613923487,210
212,118,flyers,0.7277218056519555,868.0,538.0,1392.584795245763,564.6846927490074,ok,0.9120430672410575,210
212,120,flyers,0.6855429370475772,522.5,463.0,1326.5072623063322,405.9060324642766,ok,0.9120430672410575,210
212,90,flyers,0.7207219587595323,1063.0,683.0,1396.436846707408,788.0684977852743,ok,0.9120430672410575,210
212,108,flyers,0.6536160570916624,737.5,535.0,1359.1008727010233,537.8255120462098,ok,0.9120430672410575,210
212,92,devils,0.6642107614458139,919.5,431.0,1448.1743035085779,412.9410013943389,ok,0.9120430672410575,210
213,118,flyers,0.7277218056519555,868.0,550.0,1389.1150047927142,580.9123184947593,ok,0.9003238650233466,210
213,120,flyers,0.6855429370475772,540.0,460.0,1331.9833840277079,403.1919503380363,ok,0.9003238650233466,210
213,90,flyers,0.7207219587595323,1067.0,673.0,1401.4644558400867,777.8484699920988,ok,0.9003238650233466,210
213,108,flyers,0.6536160570916624,738.0,535.0,1359.684296841375,537.5610956265868,ok,0.9003238650233466,210
213,92,devils,0.6642107614458139,919.0,426.0,1450.849114979765,404.46054590212407,ok,0.9003238650233466,210
214,118,flyers,0.7277218056519555,867.0,550.0,1389.6045732237556,580.7677196571583,ok,0.8891398623519068,210
214,90,flyers,0.7207219587595323,1068.0,665.0,1405.2807097876353,769.4131699983243,ok,0.8891398623519068,210
214,120,flyers,0.6855429370475772,554.0,456.0,1337.1249654466721,398.65691205992584,ok,0.8891398623519068,210
214,108,flyers,0.6536160570916624,732.5,534.0,1359.1965695231108,535.121445981908,ok,0.8891398623519068,210
214,92,devils,0.6642107614458139,918.0,421.0,1453.675993116098,395.57887964015237,ok,0.8891398623519068,210
215,118,flyers,0.7277218056519555,865.5,550.0,1390.0095749017398,580.9382258394793,ok,0.8774580402477903,210
215,120,flyers,0.6855429370475772,566.0,452.0,1341.9074688073124,394.13162024783605,ok,0.8774580402477903,210
215,90,flyers,0.7207219587595323,1071.0,649.0,1412.5604131990626,752.0806955395711,ok,0.8774580402477903,210
215,108,flyers,0.6536160570916624,731.0,532.0,1360.0941841634046,532.3194841854472,ok,0.8774580402477903,210
215,92,devils,0.6642107614458139,915.0,416.0,1455.858898254332,386.96612019784396,ok,0.8774580402477903,210
216,118,flyers,0.7277218056519555,863.5,550.0,1390.3464443876778,581.1891389149303,ok,0.8662102170896822,210
216,120,flyers,0.6855429370475772,579.5,449.0,1346.9208611485067,391.41462839230223,ok,0.8662102170896822,210
216,90,flyers,0.7207219587595323,1074.5,634.0,1419.899649901891,735.7649469236743,ok,0.8662102170896822,210
216,108,flyers,0.6536160570916624,725.0,537.0,1357.7293844640096,538.4273214770224,ok,0.8662102170896822,210
216,92,devils,0.6642107614458139,911.5,411.0,1458.0792796905407,378.1995420264756,ok,0.8662102170896822,210
217,118,flyers,0.7277218056519555,861.5,550.0,1390.6919661318443,581.9132198281822,ok,0.8554499809587559,210
217,120,flyers,0.6855429370475772,592.0,445.0,1352.1472753933115,387.44696135764514,ok,0.8554499809587559,210
217,108,flyers,0.6536160570916624,720.0,539.0,1356.5730034903777,541.0288313589386,ok,0.8554499809587559,210
217,92,devils,0.6642107614458139,905.5,407.0,1459.0647453549145,371.2983151525373,ok,0.8554499809587559,210
218,118,flyers,0.7277218056519555,859.5,548.0,1391.851134292129,580.2211142504138,ok,0.8338283490101972,210
218,120,flyers,0.6855429370475772,603.5,442.0,1356.938632344386,385.4023624011369,ok,0.8338283490101972,210
218,108,flyers,0.6536160570916624,716.0,540.0,1356.132571704101,542.8109433692549,ok,0.8338283490101972,210
219,120,flyers,0.6855429370475772,615.0,439.0,1361.8581148166206,383.1149641700331,ok,0.8234703669049351,210
219,118,flyers,0.7277218056519555,851.5,591.0,1376.6452966607558,637.050930360113,ok,0.8234703669049351,210
219,108,flyers,0.6536160570916624,715.0,537.0,1357.7114908242042,539.6330548786777,ok,0.8234703669049351,210
219,90,flyers,0.7207219587595323,1102.5,562.0,1460.1109813004691,652.4994438189294,ok,0.8234703669049351,210
220,120,flyers,0.6855429370475772,625.5,436.0,1366.5707847156561,380.73409398227994,ok,0.8132410537198654,210
220,118,flyers,0.7277218056519555,849.0,590.0,1377.2604472040402,636.8251574685872,ok,0.8132410537198654,210
220,108,flyers,0.6536160570916624,707.0,540.0,1355.5923374133897,543.429847664842,ok,0.8132410537198654,210
220,134,devils,0.9858456134961964,14.0,384.0,1234.9934836543077,237.51478654398852,ok,0.8132410537198654,210
221,134,devils,0.9858456134961964,24.5,444.0,1226.3121204137133,321.95516206559967,ok,0.8031388111039911,210
221,120,flyers,0.6855429370475772,636.0,426.0,1373.7016591083611,367.7321875659832,ok,0.8031388111039911,210
221,118,flyers,0.7277218056519555,844.0,597.0,1374.5619154102296,646.5840735717385,ok,0.8031388111039911,210
221,108,flyers,0.6536160570916624,702.0,547.0,1353.0098607621146,553.3145955716939,ok,0.8031388111039911,210
222,134,devils,0.9858456134961964,35.0,442.0,1229.254304113098,321.1414357513358,ok,0.7931620605613505,210
222,118,flyers,0.7277218056519555,843.5,546.0,1392.1367593549721,580.5011112300691,ok,0.7931620605613505,210
222,108,flyers,0.6536160570916624,706.5,535.0,1358.613504518731,539.4414066534747,ok,0.7931620605613505,210
223,134,devils,0.9858456134961964,45.0,442.0,1231.500432389745,322.8032454220044,ok,0.7833092432043732,210
223,118,flyers,0.7277218056519555,836.0,596.0,1374.5048126293887,647.531999795412,ok,0.7833092432043732,210
224,134,devils,0.9858456134961964,58.5,439.0,1235.0735690509473,320.87852169896115,ok,0.7735788195103018,210
224,118,flyers,0.7277218056519555,834.0,589.0,1377.0767113567176,640.185962377877,ok,0.7735788195103018,210
225,134,devils,0.9858456134961964,76.5,438.0,1239.3546010278128,321.7820714463007,ok,0.7639692690806371,210
225,118,flyers,0.7277218056519555,831.0,572.0,1382.8524369698741,619.195843822591,ok,0.7639692690806371,210
226,134,devils,0.9858456134961964,94.0,437.0,1243.6654599333428,322.8408814581733,ok,0.7544790904035739,210
226,118,flyers,0.7277218056519555,830.5,543.0,1393.590624501652,581.6714823197028,ok,0.7544790904035739,210
227,134,devils,0.9858456134961964,111.0,435.0,1248.1938858421454,322.85516670815963,ok,0.7451068006193857,210
227,108,flyers,0.6536160570916624,685.0,510.0,1365.1049158320018,509.1841675764607,ok,0.7451068006193857,210
227,118,flyers,0.7277218056519555,826.0,541.0,1394.0513427666715,580.1471202337594,ok,0.7451068006193857,210
228,134,devils,0.9858456134961964,128.5,434.0,1252.5603950779005,323.88797091161695,ok,0.7358509352887261,210
228,118,flyers,0.7277218056519555,821.5,541.0,1393.842043577042,581.4077387991575,ok,0.7358509352887261,210
228,120,flyers,0.6855429370475772,739.0,525.0,1376.0041640927834,542.3394632642717,ok,0.7358509352887261,210
229,134,devils,0.9858456134961964,145.5,432.0,1257.0014322624475,323.37915789813536,ok,0.7267100481638056,210
229,118,flyers,0.7277218056519555,817.0,540.0,1393.9911019743445,581.0282745467491,ok,0.7267100481638056,210
230,134,devils,0.9858456134961964,163.5,431.0,1261.6988147282552,324.4321155630654,ok,0.7176827109624138,210
230,118,flyers,0.7277218056519555,812.5,538.0,1394.4512461255113,579.1760707997154,ok,0.7176827109624138,210
231,134,devils,0.9858456134961964,182.5,428.0,1267.0210304979041,322.70496524006523,ok,0.7087675131447466,210
231,118,flyers,0.7277218056519555,808.5,538.0,1394.2683787739718,580.0203242015332,ok,0.7087675131447466,210
231,108,flyers,0.6536160570916624,747.0,385.0,1433.9085860932448,326.5377221374611,ok,0.7087675131447466,210
232,134,devils,0.9858456134961964,200.5,426.0,1272.3553181972488,322.6031179461661,ok,0.699963061693007,210
232,118,flyers,0.7277218056519555,805.0,536.0,1395.1108487548288,578.3717463084681,ok,0.699963061693007,210
232,120,flyers,0.6855429370475772,740.0,394.0,1428.8986704593187,342.6625055152847,ok,0.699963061693007,210
233,134,devils,0.9858456134961964,219.5,425.0,1277.1789617967963,324.21798323959763,ok,0.691267980893743,210
233,118,flyers,0.7277218056519555,800.0,561.0,1385.8134560661333,614.1616223127284,ok,0.691267980893743,210
234,134,devils,0.9858456134961964,238.0,423.0,1282.0490113857957,324.2308482900316,ok,0.6826809121228892,210
235,134,devils,0.9858456134961964,258.5,421.0,1287.5742520851143,324.3747189971077,ok,0.6742005136334797,210
236,134,devils,0.9858456134961964,278.5,400.0,1298.3263555777035,295.1136696193862,ok,0.6658254603459969,210
237,134,devils,0.9858456134961964,300.0,399.0,1303.4374408687916,296.0167407852005,ok,0.6575544436413256,210
238,134,devils,0.9858456134961964,322.5,398.0,1308.6367932984804,297.02745944119977,ok,0.6493861711562783,210
239,134,devils,0.9858456134961964,346.5,395.0,1314.4733467039518,295.0434968779071,ok,0.6413193665816606,210
240,134,devils,0.9858456134961964,371.5,394.0,1319.9920137636593,297.0159023518173,ok,0.6333527694628457,210
240,118,flyers,0.7277218056519555,857.5,408.0,1463.2358081376074,391.67059503417926,ok,0.6333527694628457,210
241,134,devils,0.9858456134961964,397.5,393.0,1325.5449056012383,298.4678119745402,ok,0.6254851350028254,210
241,138,flyers,0.5197089508730387,671.0,502.0,1366.8331245918744,510.39331473564437,ok,0.6254851350028254,210
241,118,flyers,0.7277218056519555,866.0,410.0,1463.7116749223621,397.1712627810645,ok,0.6254851350028254,210
242,134,devils,0.9858456134961964,422.5,393.0,1330.6323388932276,301.53863677481104,ok,0.6177152338677089,210
242,140,devils,0.6542822268533894,801.5,621.0,1364.1135507125398,701.2108732171813,ok,0.6177152338677089,210
243,134,devils,0.9858456134961964,450.5,392.0,1336.9929860037855,303.3218866751509,ok,0.6100418519946355,210
243,140,devils,0.6542822268533894,805.5,618.0,1364.901163247818,698.4507259378852,ok,0.6100418519946355,210
244,134,devils,0.9858456134961964,476.5,392.0,1357.7079685212384,382.2728659389614,ok,0.6104294173044746,276
244,138,flyers,0.5197089508730387,683.5,499.0,1371.769584211892,520.3766640868167,ok,0.6104294173044746,276
244,140,devils,0.6542822268533894,808.0,622.0,1360.425851667972,650.970603036171,ok,0.6104294173044746,276
245,134,devils,0.9858456134961964,503.0,391.0,1363.6145674101763,383.3334113361296,ok,0.6181076741490166,276
245,138,flyers,0.5197089508730387,687.5,498.0,1372.148825852753,519.8809149262538,ok,0.6181076741490166,276
245,140,devils,0.6542822268533894,812.5,618.0,1361.9817118880069,648.1787483840859,ok,0.6181076741490166,276
246,134,devils,0.9858456134961964,529.0,392.0,1368.8686092482928,386.2817580550493,ok,0.6258825115751943,276
246,138,flyers,0.5197089508730387,691.5,498.0,1372.2646422185271,520.0738924281916,ok,0.6258825115751943,276
247,134,devils,0.9858456134961964,555.5,390.0,1375.3309394715222,386.57544863822363,ok,0.6337551444171734,276
247,138,flyers,0.5197089508730387,696.0,497.0,1372.766675328854,519.9902657397911,ok,0.6337551444171734,276
247,140,devils,0.6542822268533894,821.5,521.0,1395.4788899645055,559.6428017916932,ok,0.6337551444171734,276
247,118,flyers,0.7277218056519555,974.0,470.0,1456.9649377843987,525.5411835947941,ok,0.6337551444171734,276
248,134,devils,0.9858456134961964,576.0,389.0,1379.8791601108737,387.63275896135735,ok,0.6417268027898525,276
248,140,devils,0.6542822268533894,824.5,522.0,1394.867505274371,561.7907141993422,ok,0.6417268027898525,276
248,118,flyers,0.7277218056519555,978.0,470.0,1457.0798017113516,526.861501846419,ok,0.6417268027898525,276
248,145,flyers,0.693994311673604,14.0,640.0,1198.0317621128006,573.3348816021005,ok,0.6417268027898525,276
249,134,devils,0.9858456134961964,601.0,387.0,1386.0978172354796,388.1689419785011,ok,0.6497987322810709,276
249,138,flyers,0.5197089508730387,703.0,495.0,1373.0608280572937,519.9998025895927,ok,0.6497987322810709,276
249,140,devils,0.6542822268533894,827.5,522.0,1394.5511946384765,562.830547020724,ok,0.6497987322810709,276
249,118,flyers,0.7277218056519555,981.0,468.0,1457.6460532812007,525.8022108846995,ok,0.6497987322810709,276
249,145,flyers,0.693994311673604,21.0,634.0,1199.4779929928138,569.5344680683077,ok,0.6497987322810709,276
250,134,devils,0.9858456134961964,626.5,388.0,1391.2470273018137,392.33704543658575,ok,0.657972194146234,276
250,140,devils,0.6542822268533894,830.5,521.0,1394.5422591340125,562.8360965880538,ok,0.657972194146234,276
250,145,flyers,0.693994311673604,28.0,632.0,1200.048091940307,568.959603899735,ok,0.657972194146234,276
250,118,flyers,0.7277218056519555,984.0,466.0,1458.1629455406635,524.6800333381386,ok,0.657972194146234,276
251,134,devils,0.9858456134961964,649.5,391.0,1394.9750986461418,398.6127418137368,ok,0.6662484655053873,276
251,140,devils,0.6542822268533894,834.5,521.0,1394.4058638135941,563.9629548328614,ok,0.6662484655053873,276
251,145,flyers,0.693994311673604,35.5,625.0,1201.0095067430684,564.7668332370174,ok,0.6662484655053873,276
251,118,flyers,0.7277218056519555,986.0,466.0,1457.5679127369556,525.5180015475321,ok,0.6662484655053873,276
252,140,devils,0.6542822268533894,837.5,520.0,1394.3336137310575,563.8857971009662,ok,0.6746288395427689,276
252,145,flyers,0.693994311673604,43.0,619.0,1201.9973562673129,561.4300873383361,ok,0.6746288395427689,276
252,118,flyers,0.7277218056519555,990.0,463.0,1458.8824741199971,523.1051435439266,ok,0.6746288395427689,276
253,145,flyers,0.693994311673604,50.5,631.0,1198.1052607580118,575.0568609965998,ok,0.6831146257088719,276
253,140,devils,0.6542822268533894,835.5,609.0,1361.9639255035922,648.7243296893823,ok,0.6831146257088719,276
253,118,flyers,0.7277218056519555,993.0,463.0,1458.6204721794825,523.9329657916932,ok,0.6831146257088719,276
253,150,flyers,0.8347042441864573,1100.5,625.0,1420.858762826645,700.1152550323249,ok,0.6831146257088719,276
254,145,flyers,0.693994311673604,59.0,631.0,1196.6359118796329,579.031982731842,ok,0.6917071499250496,276
254,140,devils,0.6542822268533894,838.5,605.0,1362.6662815185719,646.8999560085228,ok,0.6917071499250496,276
254,118,flyers,0.7277218056519555,995.0,464.0,1457.7248352300714,525.7973785877458,ok,0.6917071499250496,276
254,150,flyers,0.8347042441864573,1192.0,588.0,1458.9535873689388,680.5104250175302,ok,0.6917071499250496,276
255,145,flyers,0.693994311673604,71.0,633.0,1197.095373484686,582.336437987119,ok,0.7004077547906922,276
255,118,flyers,0.7277218056519555,998.0,464.0,1457.6572791531885,526.5759647267969,ok,0.7004077547906922,276
255,140,devils,0.6542822268533894,840.0,603.0,1362.6747544824998,645.9116204822767,ok,0.7004077547906922,276
255,150,flyers,0.8347042441864573,1193.5,587.0,1458.9209643116592,680.4385671588793,ok,0.7004077547906922,276
256,145,flyers,0.693994311673604,83.0,573.0,1208.702672323255,533.615215731265,ok,0.7092177997930114,276
256,118,flyers,0.7277218056519555,1001.0,461.0,1458.9653087185022,524.3309881483193,ok,0.7092177997930114,276
256,140,devils,0.6542822268533894,841.5,606.0,1361.100923394942,649.6726594827469,ok,0.7092177997930114,276
257,145,flyers,0.693994311673604,97.5,621.0,1199.6973359574008,579.2118245024643,ok,0.7181386615194632,276
257,118,flyers,0.7277218056519555,1002.0,459.0,1459.2972351198866,523.2295151863937,ok,0.7181386615194632,276
257,140,devils,0.6542822268533894,842.0,601.0,1361.5692930427626,647.0755206772958,ok,0.7181386615194632,276
257,150,flyers,0.8347042441864573,1195.0,582.0,1459.8962292640454,677.6586752036367,ok,0.7181386615194632,276
258,145,flyers,0.693994311673604,108.0,561.0,1209.492780868982,531.2248088956094,ok,0.7271717338728417,276
258,118,flyers,0.7277218056519555,997.0,458.0,1457.5889207570604,522.1672872484562,ok,0.7271717338728417,276
258,140,devils,0.6542822268533894,845.0,595.0,1362.9696397403393,643.8015959182028,ok,0.7271717338728417,276
258,150,flyers,0.8347042441864573,1184.0,569.0,1461.9802221082718,664.3594424063064,ok,0.7271717338728417,276
259,145,flyers,0.693994311673604,120.5,555.0,1211.7410955978683,528.4095012169491,ok,0.7363184282890803,276
259,118,flyers,0.7277218056519555,998.0,458.0,1457.2472960506552,522.9527633974578,ok,0.7363184282890803,276
259,140,devils,0.6542822268533894,845.0,586.0,1365.1185891672724,636.5577211408058,ok,0.7363184282890803,276
259,143,flyers,0.637254953798421,907.0,374.0,1469.5104292666972,408.28979174703665,ok,0.7363184282890803,276
259,150,flyers,0.8347042441864573,1186.5,565.0,1463.9346641412358,661.5412478607343,ok,0.7363184282890803,276
260,145,flyers,0.693994311673604,133.0,551.0,1213.745054563559,526.9982542607013,ok,0.7455801739577905,276
260,118,flyers,0.7277218056519555,997.0,458.0,1456.4178875547304,523.7042986303572,ok,0.7455801739577905,276
260,140,devils,0.6542822268533894,845.5,578.0,1367.2082732457736,630.213804071894,ok,0.7455801739577905,276
260,150,flyers,0.8347042441864573,1134.5,519.0,1469.2477902170072,608.6492830009117,ok,0.7455801739577905,276
260,143,flyers,0.637254953798421,833.0,367.0,1448.7911655683106,392.13061688744926,ok,0.7455801739577905,276
261,145,flyers,0.693994311673604,144.0,545.0,1215.9607340940122,524.0694615311515,ok,0.7549584180455765,276
261,118,flyers,0.7277218056519555,998.0,456.0,1457.2579905775606,522.4815916057115,ok,0.7549584180455765,276
261,140,devils,0.6542822268533894,845.0,574.0,1367.7957301778692,627.7492953983334,ok,0.7549584180455765,276
261,161,devils,0.797605707827573,1040.0,589.0,1412.7846389157814,666.8251512697012,ok,0.7549584180455765,276
262,145,flyers,0.693994311673604,152.5,540.0,1217.826461922484,520.8682088739333,ok,0.7644546259221567,276
262,118,flyers,0.7277218056519555,996.0,456.0,1456.4994014897554,523.3356078791769,ok,0.7644546259221567,276
262,140,devils,0.6542822268533894,844.5,568.0,1369.3416387486852,623.1826014474685,ok,0.7644546259221567,276
262,161,devils,0.797605707827573,1038.0,621.0,1399.9558321360873,697.139637495295,ok,0.7644546259221567,276
263,145,flyers,0.693994311673604,162.0,538.0,1217.5158539757472,521.6954204978442,ok,0.784045647123273,276
263,161,devils,0.797605707827573,1039.5,605.0,1406.1661586340554,684.4653240896833,ok,0.784045647123273,276
263,150,flyers,0.8347042441864573,1108.5,515.0,1463.3284653111555,604.0388849556048,ok,0.784045647123273,276
263,140,devils,0.6542822268533894,844.0,568.0,1368.6567585184985,624.6024984507644,ok,0.784045647123273,276
263,118,flyers,0.7277218056519555,994.0,456.0,1456.2093517012738,523.6082973308476,ok,0.784045647123273,276
264,143,flyers,0.637254953798421,736.5,483.0,1370.8624299805906,525.6715352174751,ok,0.7939077273012584,276
264,145,flyers,0.693994311673604,171.0,532.0,1220.441091572911,517.2876024611312,ok,0.7939077273012584,276
264,161,devils,0.797605707827573,1029.0,600.0,1405.389267416485,680.0717133759149,ok,0.7939077273012584,276
264,150,flyers,0.8347042441864573,1104.5,513.0,1463.3798768660197,602.9274582929563,ok,0.7939077273012584,276
264,140,devils,0.6542822268533894,843.0,567.0,1368.742608635184,624.8131716919725,ok,0.7939077273012584,276
264,118,flyers,0.7277218056519555,992.5,454.0,1456.9943549204575,522.2910526382949,ok,0.7939077273012584,276
265,143,flyers,0.637254953798421,735.5,483.0,1370.32129664878,527.1680742681274,ok,0.8038938571768524,276
265,145,flyers,0.693994311673604,180.0,527.0,1221.1915067312773,514.6312670249603,ok,0.8038938571768524,276
265,161,devils,0.797605707827573,1015.5,604.0,1400.472627595628,684.0080065434212,ok,0.8038938571768524,276
265,150,flyers,0.8347042441864573,1101.5,513.0,1462.9098148096848,604.41338394907,ok,0.8038938571768524,276
265,140,devils,0.6542822268533894,847.0,497.0,1395.8521539633105,555.384715690081,ok,0.8038938571768524,276
265,118,flyers,0.7277218056519555,1013.0,451.0,1465.2039172571506,522.890572018471,ok,0.8038938571768524,276
266,143,flyers,0.637254953798421,733.5,482.0,1369.9757637909004,527.3851379077735,ok,0.814005597103165,276
266,145,flyers,0.693994311673604,189.0,543.0,1217.5424876839436,532.6057588513438,ok,0.814005597103165,276
266,150,flyers,0.8347042441864573,1098.5,513.0,1462.6286905116397,605.7580022313713,ok,0.814005597103165,276
266,140,devils,0.6542822268533894,844.0,496.0,1395.5008186768302,555.595965659679,ok,0.814005597103165,276
266,118,flyers,0.7277218056519555,1009.0,451.0,1464.532801509441,523.9865702303415,ok,0.814005597103165,276
267,143,flyers,0.637254953798421,730.0,481.0,1369.2782277044257,527.5153206759014,ok,0.8242445270601324,276
267,145,flyers,0.693994311673604,197.0,536.0,1218.7981103303982,527.6202520631276,ok,0.8242445270601324,276
267,140,devils,0.6542822268533894,844.0,495.0,1396.0302945290805,556.3533313682933,ok,0.8242445270601324,276
267,150,flyers,0.8347042441864573,1086.5,514.0,1458.9835206688585,607.3708422383244,ok,0.8242445270601324,276
267,118,flyers,0.7277218056519555,1005.5,449.0,1464.853314834631,523.1799761993283,ok,0.8242445270601324,276
268,143,flyers,0.637254953798421,744.5,479.0,1373.936073038063,529.0958488849752,ok,0.8346122469013912,276
268,145,flyers,0.693994311673604,205.0,531.0,1219.77350304016,526.0412933726905,ok,0.8346122469013912,276
268,150,flyers,0.8347042441864573,1083.5,514.0,1458.6616851952356,608.8165602731883,ok,0.8346122469013912,276
268,140,devils,0.6542822268533894,833.5,562.0,1367.7747164074806,626.8894122060663,ok,0.8346122469013912,276
268,118,flyers,0.7277218056519555,1004.0,449.0,1464.9087127881662,524.8894570258304,ok,0.8346122469013912,276
269,143,flyers,0.637254953798421,741.5,478.0,1373.3436410848049,529.6810408698412,ok,0.8451103766042605,276
269,145,flyers,0.693994311673604,213.5,524.0,1221.1232729021278,521.468620686724,ok,0.8451103766042605,276
269,140,devils,0.6542822268533894,830.5,556.0,1369.0930135393912,622.8759255750298,ok,0.8451103766042605,276
269,150,flyers,0.8347042441864573,1079.5,512.0,1458.9320155532394,608.4294221291708,ok,0.8451103766042605,276
269,118,flyers,0.7277218056519555,1000.0,449.0,1464.1468160213021,526.682583164989,ok,0.8451103766042605,276
270,143,flyers,0.637254953798421,742.5,490.0,1369.224476304443,545.1486909355697,ok,0.8557405565228643,276
270,145,flyers,0.693994311673604,225.5,519.0,1225.0709346989534,519.0929288348351,ok,0.8557405565228643,276
270,140,devils,0.6542822268533894,827.5,553.0,1369.5314227236688,621.6387844610476,ok,0.8557405565228643,276
270,150,flyers,0.8347042441864573,1075.5,511.0,1458.5910837788845,609.2361955391248,ok,0.8557405565228643,276
270,118,flyers,0.7277218056519555,998.5,446.0,1465.5901444304786,525.1262769345369,ok,0.8557405565228643,276
271,143,flyers,0.637254953798421,739.5,488.0,1369.2824386887687,544.6685116449695,ok,0.8665044476444428,276
271,145,flyers,0.693994311673604,234.5,515.0,1228.01783259349,517.6755487714099,ok,0.8665044476444428,276
271,140,devils,0.6542822268533894,823.5,550.0,1369.6804706619869,620.3886033214744,ok,0.8665044476444428,276
271,150,flyers,0.8347042441864573,1071.5,509.0,1458.7356253147918,608.9634815721258,ok,0.8665044476444428,276
271,118,flyers,0.7277218056519555,996.0,451.0,1462.8075011591666,533.0505968896048,ok,0.8665044476444428,276
272,143,flyers,0.637254953798421,733.0,472.0,1373.5373136722694,528.1164889596222,ok,0.8774037318488825,276
272,145,flyers,0.693994311673604,245.5,511.0,1230.7446308421897,516.3895516606154,ok,0.8774037318488825,276
272,140,devils,0.6542822268533894,829.0,499.0,1390.8471094122633,569.8456299582497,ok,0.8774037318488825,276
272,150,flyers,0.8347042441864573,1067.0,507.0,1458.7247529570482,608.7909575414312,ok,0.8774037318488825,276
272,118,flyers,0.7277218056519555,995.0,449.0,1463.887806495358,533.0016582125984,ok,0.8774037318488825,276
273,145,flyers,0.693994311673604,254.0,508.0,1230.9334451960908,515.2046184511609,ok,0.8884401121715155,276
273,140,devils,0.6542822268533894,827.0,498.0,1390.7951082765019,570.7171519474059,ok,0.8884401121715155,276
273,150,flyers,0.8347042441864573,1063.0,504.0,1459.4611013826118,607.4281824645631,ok,0.8884401121715155,276
273,118,flyers,0.7277218056519555,991.0,449.0,1463.186720345533,534.8176681672307,ok,0.8884401121715155,276
274,143,flyers,0.637254953798421,730.0,482.0,1368.6225795152159,542.6717897765957,ok,0.8996153130692206,276
274,145,flyers,0.693994311673604,268.5,502.0,1233.9233769773864,510.7798813695166,ok,0.8996153130692206,276
274,140,devils,0.6542822268533894,826.0,497.0,1391.1034725888508,571.4311634111715,ok,0.8996153130692206,276
274,150,flyers,0.8347042441864573,1059.0,502.0,1459.6916084986985,607.0493803582023,ok,0.8996153130692206,276
274,118,flyers,0.7277218056519555,989.0,447.0,1464.104293694739,534.3191959607117,ok,0.8996153130692206,276
275,143,flyers,0.637254953798421,720.0,467.0,1371.7844074606946,525.2231682818199,ok,0.9109310806898745,276
275,145,flyers,0.693994311673604,283.0,500.0,1238.0545957655552,510.4922450511373,ok,0.9109310806898745,276
275,150,flyers,0.8347042441864573,1056.0,500.0,1460.2509391092935,606.2210967167504,ok,0.9109310806898745,276
275,118,flyers,0.7277218056519555,986.5,445.0,1464.8518356373445,533.0896677132614,ok,0.9109310806898745,276
275,140,devils,0.6542822268533894,819.0,508.0,1384.9800279334327,583.9385276251786,ok,0.9109310806898745,276
276,145,flyers,0.693994311673604,297.5,499.0,1239.2060861491134,511.256743706798,ok,0.950718408517314,276
276,150,flyers,0.8347042441864573,1052.5,500.0,1459.8648327445217,607.4249193256528,ok,0.950718408517314,276
276,118,flyers,0.7277218056519555,987.5,444.0,1466.3851295588763,533.6123954460278,ok,0.950718408517314,276
